:020000040800F2
:1000000058E70124B503000899C9000811A30008A6
:1000100049C90008F90E000831300108000000004D
:1000200000000000000000000000000001DC0008EB
:10003000D11700080000000061D6000861DE00084A
:10004000D3030008D3030008D3030008D303000838
:10005000D3030008D3030008D3030008D303000828
:10006000D3030008D3030008D3030008C911000814
:10007000D9110008E9110008F91100080912000857
:10008000D3030008D3030008D3030008A91800080D
:10009000C9180008B9180008D9180008D3030008C7
:1000A000D3030008D3030008D3030008D3030008D8
:1000B00041E00008D3030008D3030008D30300087D
:1000C000D3030008D3030008D3030008D3030008B8
:1000D00009DB0008A9050108B9050108D3030008D8
:1000E000D3030008D30300080000000051E000081B
:1000F000D3030008D3030008D30300081912000833
:10010000D3030008D3030008D3030008D303000877
:10011000D303000851F50008D3030008D3030008F7
:1001200029120008D3030008D3030008391200087D
:1001300049120008D3030008D3030008D3030008C2
:1001400000000000000000000000000000000000AF
:10015000D3030008D3030008D3030008D303000827
:10016000D3030008D3030008D3030008D303000817
:10017000D303000879D40008D3030008000000006E
:10018000D3030008D3030008D3030008D3030008F7
:10019000D3030008D3030008D3030008D3030008E7
:1001A000D3030008D3030008D303000800000000B5
:1001B000D3030008D3030008D3030008D3030008C7
:1001C000D3030008D3030008000000000000000073
:1001D0000000000000000000D30300080000000041
:1001E000000000000000000000000000000000000F
:1001F0000000000000000000D3030008D303000843
:10020000D3030008D303000800000000D303000854
:10021000D3030008D3030008D3030008D303000866
:10022000D303000800000000D30300080000000012
:10023000D3030008D303000800000000D303000824
:10024000D3030008D3030008D3030008D303000836
:10025000D3030008D3030008D3030008D303000826
:10026000D3030008D3030008D3030008D303000816
:10027000D3030008D3030008D303000800000000E4
:10028000D3030008D3030008D3030008D3030008F6
:1002900000000000D3030008D303000800000000A2
:1002A00000000000D3030008D3030008D3030008B4
:1002B000D3030008D3030008D3030008E91800089B
:1002C000F9180008D3030008D303000800F002F86F
:1002D00000F060F80AA090E8000C82448344AAF180
:1002E0000107DA4501D100F055F8AFF2090EBAE87E
:1002F0000F0013F0010F18BFFB1A43F0010318475A
:100300006C7701008C7701000A444FF0000C10F864
:10031000013B13F0070408BF10F8014B1D1108BF83
:1003200010F8015B641E05D010F8016B641E01F823
:10033000016BF9D113F0080F1EBF10F8014BAD1C73
:100340000C1B09D16D1E58BF01F801CBFAD505E091
:1003500014F8016B01F8016B6D1EF9D59142D6D3EB
:10036000704700000023002400250026103A28BF13
:1003700078C1FBD8520728BF30C148BF0B60704717
:100380001FB516F0FCFC9DE8030000F0E5F91FBD69
:1003900010B510BD00F04CFA1146FFF7F1FF13F055
:1003A000B3FF00F06AFA03B4FFF7F2FF03BC00F0FA
:1003B0009BFA00000A4880470A4880470A480047DD
:1003C000FEE7FEE7FEE7FEE7FEE7FEE7FEE7FEE705
:1003D000FEE7FEE705480649064A074B704700005E
:1003E0007918000869DF0008CD02000858CF012401
:1003F00058E7012458D7012458D7012470B5064680
:1004000000F08EF9056806F10B0020F00704B442F5
:100410009CBF002070BD2B466A68BAB11068A0422C
:1004200010D304F1080188423CBF5068586007D3DC
:100430005168101941601168091B0160586014600F
:10044000101D70BD13465268002AE7D12146284688
:1004500000F06EF90028DED170BD70B50446051FAE
:1004600000F05EF90068002C14BF446870BD002CD9
:1004700018BFAC423CBF20466468F8D301680A1834
:10048000AA4218BF456003D12A680546114401609D
:1004900028684119A1421CBF6C6070BD6168696029
:1004A00021680844286070BD53EA020C00F069809E
:1004B0002DE9F04B4FF00006002B1FBFB3FA83F578
:1004C00003FA05F424FA05F65E4012BF1643B2FAA9
:1004D00082F502FA05F4C5F120051EBF22FA05FCDB
:1004E00044EA0C04203556EA044C4FEA144418BF81
:1004F000641C4FF000084FF00009904271EB030CB0
:1005000039D3002919BFB1FA81F701FA07F6B0FA19
:1005100080F700FA07F6C7F120071EBF20FA07FC94
:1005200046EA0C062037B6FBF4FCA7EB0507103FA4
:1005300007F01F0BCBF120062CFA06F60CFA0BFB8A
:1005400044BFB3460026202FA4BF5E464FF0000BE9
:100550005BEA060C08BF4FF0010B19EB0B0948EBE7
:100560000608ABFB027C06FB02CC0BFB03CCC01BDA
:1005700071EB0C01C1E70B46024641464846BDE817
:10058000F08B13B5084318BF4FF0FF300146AFF3AF
:100590000080BDE81C407047032A40F2308010F014
:1005A000030C00F0158011F8013BBCF1020F62440E
:1005B00098BF11F801CB00F8013B38BF11F8013B9F
:1005C000A2F1040298BF00F801CB38BF00F8013B4C
:1005D00011F0030300F02580083AC0F0088051F8BC
:1005E000043B083A51F804CBA0E80810F5E7121DC7
:1005F0005CBF51F8043B40F8043BAFF30080D207E6
:1006000024BF11F8013B11F801CB48BF11F8012BB1
:1006100024BF00F8013B00F801CB48BF00F8012BD4
:10062000704710B5203AC0F00B80B1E81850A0E830
:100630001850B1E81850A0E81850203ABFF4F5AFB0
:100640005FEA027C24BFB1E81850A0E8185044BF0C
:1006500018C918C0BDE810405FEA827C24BF51F879
:10066000043B40F8043B08BF7047D20728BF31F86D
:10067000023B48BF11F8012B28BF20F8023B48BFBE
:1006800000F8012B70474FF000020429C0F01280DF
:1006900010F0030C00F01B80CCF1040CBCF1020F35
:1006A00018BF00F8012BA8BF20F8022BA1EB0C010A
:1006B00000F00DB85FEAC17C24BF00F8012B00F800
:1006C000012B48BF00F8012B70474FF0000200B526
:1006D000134694469646203922BFA0E80C50A0E865
:1006E0000C50B1F12001BFF4F7AF090728BFA0E813
:1006F0000C5048BF0CC05DF804EB890028BF40F8DF
:10070000042B08BF704748BF20F8022B11F0804F20
:1007100018BF00F8012B7047704770477047000002
:100720000048704758020024704770477047704770
:1007300038B504460A4600206946AFF30080002819
:1007400008BF38BD02460099204600F04FF801204E
:1007500038BD012000F064B8F8B5AFF3008005465D
:1007600000200C46102000BF0646A819A0420DD953
:10077000324669460020AFF30080070008BF00F052
:100780004FF80098A04218BF0546C419FFF7C8FFEC
:1007900005600746F01D20F007004619284600F0C6
:1007A0000AF8B44208BFF8BDA21B31463868BDE85C
:1007B000F84000F01BB800210160C0E9011070474B
:1007C0001020704710B500F00DF8006810BD10B58E
:1007D000044600F007F8046010BD000000487047B0
:1007E000500200240048704750020024034640682D
:1007F0008C46002818BF88423CBF03464068F8D3A7
:1008000018681844884207D00CF1030020F0070054
:10081000001D411A521A0146081D0A60FFF71DBE4D
:1008200010B500F039F8BDE8104000F02FB870475F
:100830007546FFF7D3FFAE4605006946534620F0E4
:100840000700854618B020B5FFF7C4FDBDE820407D
:100850004FF000064FF000074FF000084FF0000B7C
:10086000AC46ACE8C009ACE8C009ACE8C009ACE8EB
:10087000C00921F007018D46704710B50446AFF35B
:1008800000802046BDE81040FFF78DBD002801D054
:1008900000F02AB87047000010B5012805D00021EB
:1008A00003A000F027F8012010BD09A1F8E700001F
:1008B00053494752544D454D3A204F7574206F6649
:1008C0002068656170206D656D6F727900000000B1
:1008D0003A2048656170206D656D6F727920636F95
:1008E000727275707465640001491820ABBEFEE732
:1008F0002600020070B505460C460A2000E06D1C7B
:1009000000F011F835B128780028F8D102E0641C15
:1009100000F009F814B120780028F8D1BDE8704043
:100920000A20AFF3008008B569468DF80000032067
:10093000ABBE08BD0000000080B543F638104CF691
:10094000C031C2F20040C2F201414FF4807208F09F
:100950003FFD42F6847040F20F41C2F20040C4F203
:100960000201006888426FF0080111DC6F22C4F2B6
:100970000202904222DC3F22C4F20202904239DCA1
:100980001022C4F2020290425CD0282254E000BF40
:1009900040F26F42C4F2020290421BDC40F23F423E
:1009A000C4F2020290422DDC40F21042C4F2020274
:1009B000904247D040F228423EE000BF9F22C4F25E
:1009C0000202904228DC7022C4F20202904239D026
:1009D000882231E040F29F42C4F20202904223DCBE
:1009E00040F27042C4F2020290422BD040F28842A0
:1009F00022E000BF4022C4F20202904222D05822DC
:100A00001AE000BF40F24042C4F20202904219D004
:100A100040F2584210E000BFA022C4F2020290420D
:100A200010D0B82208E000BF40F2A042C4F2020297
:100A3000904207D040F2B842C4F20202904218BF7E
:100A40006FF0040102681140016080BD00000000E9
:100A500010B54CF6C034C2F201442078AB283BD12B
:100A600094F83F00FD2818BF10BD41F64C50D4F853
:100A70000110C2F20040D4F80520C161D4F8091079
:100A8000C165B4F811100186B4F81310A0F8501025
:100A9000B4F81510A0F87010B4F81710C263D4F8A9
:100AA0000D20C2671E22A0F8901041F69070C2F28D
:100AB0000040D4F81910C0F8581240F27C6004F1DC
:100AC0001D01C2F20040FFF767FD40F29A6194F801
:100AD0003E00C2F20041087010BD0000000000009E
:100AE00041F64C5040F27853C2F20040C2F200434B
:100AF0004FF0AA0C90ED060A90ED0A1A90ED0E2A1E
:100B000031EE400A90ED123A33EE421A90ED1A2A75
:100B100090ED163A10EE101A32EE432A90ED223A7A
:100B2000C3F8021090ED1E4A33EE440A11EE102A6B
:100B300012EE101AC3F80620C3F80A10C16A5982CF
:100B4000C16C9982C16ED982D0F88C00188341F6AD
:100B5000907040F63451C2F20040C2F2004110EEF3
:100B6000102A406EC3F81A000868C3F81E001878EF
:100B7000D1F80310C3F82110194683F83F00FE2076
:100B800083F8400043F63810C3F80E20C2F200404C
:100B9000402201F801CF09F047BB0000000000002F
:100BA00040F600000121C5F60200012203F034BF27
:100BB00040F600000121C5F60200002203F02CBF20
:100BC000704700000000000040F600000821C5F654
:100BD0000200012203F020BF40F600000821C5F604
:100BE0000200002203F018BF704700000000000060
:100BF00010B5002808BF10BD4EF2180145F2003CA8
:100C0000CEF20001C0F2070C03E000BF013802047D
:100C10001AD051F804EC0B68002208E01A44A342F1
:100C2000A2EB0402234698BF72446245EED20C68E0
:100C3000A342F3D10C68A34204BF0C68A342EDD1D8
:100C40000C68A342F3D0E9E710BD000000000000EB
:100C500080B54EF21801C0EB0010CEF200014FEA51
:100C6000401E002351F804CC0A6808E01344824275
:100C7000A3EB0003024698BF634473450CD2086897
:100C80008242F3D10868824204BF08688242EDD1F3
:100C900008688242F3D0E9E780BD00000000000050
:100CA00010B5FFF78DFFFFF79FFF13F051F80446D3
:100CB00013F076F9204310BD2DE9F04F83B0029276
:100CC0000E460190FFF774FF922000F0C5F89220C5
:100CD00000F0C2F8552000F0BFF88046552000F023
:100CE000BBF88346552000F0B7F88246552000F047
:100CF000B3F80446552000F0AFF80746552000F041
:100D0000ABF80546FFF74CFF48EA0B2040F2C0095C
:100D100000B2C2F2004900EE100A4AEA042000B212
:100D200099ED001AB8EEC00A21EE000A01EE100A91
:100D300047EA052086ED000A00B299ED002A00EE90
:100D4000100AB8EEC11AB8EEC00A22EE011A86EDFA
:100D5000011A22EE000A86ED020AFFF73DFF80200D
:100D600000F07AF8552000F077F80646552000F09C
:100D700073F8552000F070F88246552000F06CF8AA
:100D80000546552000F068F88346552000F064F8C9
:100D90000446552000F060F80746552000F05CF846
:100DA0008046FFF711FF0F2E25D14AEA052099ED65
:100DB000011A00B2019900EE100A4BEA042000B2B9
:100DC000B8EEC00A21EE000A01EE100A47EA082038
:100DD00081ED000A00B299ED012A00EE100AB8EE8A
:100DE000C11AB8EEC00A22EE011A81ED011A22EEF4
:100DF000000A81ED020AFFF7DBFEA22000F02CF8CA
:100E0000A22000F029F8552000F026F804465520CD
:100E100000F022F80546FFF7C3FEE0004FF600039E
:100E200040EA55110022CFF6FF73B2EB902F18BFA6
:100E30001943B4EE001AB3EE072A00EE101A029816
:100E4000B8EEC00AA0EE012A80ED002A03B0BDE88A
:100E5000F08F00000000000080B582B08DF8070020
:100E600043F23870C2F200400DF107010DF10602A5
:100E700001234FF47A7CCDF800C006F0DDFE9DF82A
:100E8000060002B080BD000010B543F2C07004211E
:100E9000C2F2004007F0D4FE43F660243221C2F2D1
:100EA000004420460CF05CFC43F674210422C2F29C
:100EB00000412046BDE810400CF006BC00000000D8
:100EC00070B569B143F660260C460546C2F200468D
:100ED000304629460CF014FC013C05F10405F7D11D
:100EE00040F2BC200021C2F2004002220023006830
:100EF000BDE8704014F0D8BAFEE700000000000022
:100F000070B58AB043F2740502ACC2F20045002607
:100F10000220049001202146CDE9050628460796C7
:100F2000CDE9026602F058FD022102220023284684
:100F3000009602F099FD01210022284602F054FC9F
:100F40004FF000710022284602F04EFC01210122E0
:100F5000284602F00DFD284603F042FC43F214152A
:100F60002146C2F20045284602F036FD0221022247
:100F700000232846009602F077FD01210122284631
:100F800002F0F6FC01210022284602F02DFC4FF071
:100F900000710022284602F027FC284603F020FCBE
:100FA00043F2B4152146C2F20045284602F014FD72
:100FB0000221022200232846009602F055FD01215D
:100FC0000122284602F0D4FC01210022284602F02A
:100FD0000BFC4FF000710022284602F005FC284669
:100FE00003F0FEFB0AB070BD002070470000000057
:100FF000002070470000000010B542F6601441F276
:101000003B51C2F20044C2F20041002220460FF0E0
:101010003BFD40F63B512046C2F200410FF024FD5B
:10102000002010BD00000000B0B50968044612F0B1
:1010300003F842F660152146C2F2004528460FF03B
:1010400013FD28460FF0ECFC0020B0BD00000000AE
:10105000002070470000000010B542F66012C2F296
:101060000042D2F8BC22D2F81422002A1CBF012070
:1010700010BD42F660140A46C2F200440146204602
:101080000FF002FD2046BDE810400FF08DBD0000BE
:10109000B7EE002A90ED1D3A90ED1C4A30EE600A42
:1010A00090ED165A32EE432A90ED146AD0ED060AFE
:1010B000D0ED021AF1EE602A22EE042A90ED1A4ACF
:1010C000016E80ED180AC165A1EE432A90ED153A34
:1010D000A0EE034A80ED1C2A25EE023A90ED1F5A3D
:1010E000B1EE457A84FE455AA0EE063AB4EE474A80
:1010F000F1EE10FA35FE074A90ED1E5AB1EE456A40
:1011000090ED037A80ED1A4A33EE043A90ED084AE6
:1011100080ED047A83FE455AB4EE463AF1EE10FAB9
:1011200035FE063A90ED096A80ED193A33EE411A20
:10113000B1EE443AB0EEC15AB4EE456A9FED175A8B
:10114000F1EE10FA90ED056A35FE011A90ED015AA4
:1011500080ED031AA1EE056A31EE475A21EE855A59
:10116000C6FE600AB4EE626A90ED006AF1EE10FA13
:10117000A1EE065A30FEA26A80ED056A35EE060A37
:1011800080FE442AB4EE430AF1EE10FA32FE030A5E
:1011900080ED070A80ED200A704700BF00000000C4
:1011A00080EC030AC0ED092A80ED0A2AC0ED0B1A73
:1011B0007047000000000000018000994280838099
:1011C000817170470000000042F63C40C2F20040CE
:1011D00001F0DAB90000000042F6B440C2F200406B
:1011E00001F0D2B90000000042F6A450C2F2004063
:1011F00001F0CAB90000000042F61C60C2F20040D3
:1012000001F0C2B90000000042F62C50C2F20040CA
:1012100001F0BAB90000000042F6FC70C2F20040D2
:1012200001F0B2B90000000042F68470C2F2004042
:1012300001F0AAB90000000042F69460C2F200403A
:1012400001F0A2B90000000042F60C70C2F20040AA
:1012500001F09AB90000000040F20F42D0F800C03F
:10126000C4F20202944511DC6F22C4F202029445DA
:1012700022DC3F22C4F20202944539DC1022C4F27F
:10128000020294455AD0282254E000BF40F26F4237
:10129000C4F2020294451BDC40F23F42C4F2020257
:1012A00094452DDC40F21042C4F20202944545D030
:1012B00040F228423EE000BF9F22C4F20202944561
:1012C00028DC7022C4F20202944537D0882231E033
:1012D00040F29F42C4F20202944523DC40F2704285
:1012E000C4F20202944529D040F2884222E000BFB5
:1012F0004022C4F20202944520D058221AE000BFD6
:1013000040F24042C4F20202944517D040F25842E3
:1013100010E000BFA022C4F2020294450ED0B82211
:1013200008E000BF40F2B842C4F20202944505D082
:1013300040F2A042C4F20202944517D10CF0F80228
:101340004AF6AB23103ACAF6AA23A2FB03310AA33A
:101350005F2AC1F302115B5C40F2FF312CEA01010C
:10136000C36588BF04318165084670472CF0FF01D2
:1013700081650846704700BF00061016000610166B
:1013800070B540F26F44D0F800C0C4F20204D0F847
:1013900058E0A4451ADC9F25C4F20205AC4533DCB5
:1013A0005725C4F20205AC455ADC1025C4F20205EB
:1013B000AC4500F098802825C4F20205AC4500F049
:1013C00092804025C4F202058AE000BF45F22F4515
:1013D000C5F60205AC452DDC40F2B745C4F2020566
:1013E000AC454BDC40F27045C4F20205AC457AD006
:1013F00040F28845C4F20205AC4574D040F2A045E5
:10140000C4F202056CE000BF40F22745C4F20205B9
:10141000AC4543DCA025C4F20205AC4563D0B82539
:10142000C4F20205AC455ED040F21045C4F202059C
:1014300056E000BF45F26B45C5F60205AC453FDC02
:1014400045F23045C5F60205AC454CD045F2444561
:10145000C5F60205AC4546D045F258453EE000BF12
:101460005825C4F20205AC453DD07025C4F20205F2
:10147000AC4538D08825C4F2020531E040F2B845C9
:10148000C4F20205AC452ED045F20845C5F602056A
:10149000AC4528D045F21C4520E000BF40F228456D
:1014A000C4F20205AC451ED040F24045C4F202052C
:1014B000AC4518D040F25845C4F2020510E000BF18
:1014C00045F26C45C5F60205AC450CD045F2944595
:1014D000C5F60205AC4506D045F28045C5F60205C5
:1014E000AC4540F0D580456EC66E002E866E6E60AF
:1014F0001CBFD0E91C566E60A44515DC9F24C4F2C5
:101500000204A4452CDC5724C4F20204A44551DC97
:101510001024C4F20204A4457AD02824C4F20204A0
:10152000A44575D040246FE045F22F44C5F602046F
:10153000A44529DC40F2B744C4F20204A44545DCCA
:1015400040F27044C4F20204A44561D040F28844E1
:10155000C4F20204A4455BD040F2A04454E000BFB2
:1015600040F22744C4F20204A4453FDCA024C4F2A4
:101570000204A4454CD0B824C4F20204A44547D0C8
:1015800040F2104440E000BF45F26B44C5F602044F
:10159000A44555DC45F23044C5F60204A44561D0AB
:1015A00045F24444C5F60204A4455BD045F25844D4
:1015B00054E000BF5824C4F20204A44528D070248B
:1015C000C4F20204A44523D088241DE040F2B844AC
:1015D000C4F20204A4451BD045F20844C5F6020437
:1015E000A4453FD045F21C4438E000BF40F22844F7
:1015F000C4F20204A4450BD040F24044C4F20204F9
:10160000A44505D040F25844C4F20204A4453FD199
:101610008468C06D00F01F003F2505FA00F0CEF889
:101620000800DCF80000402C20F48020CCF80000FA
:10163000CCF8043023D0CCF80810CCF80C2070BDC6
:1016400045F26C44C5F60204A4450BD045F2804433
:10165000C5F60204A44505D045F29444C5F602043B
:10166000A44515D1C46D806804F01F0401254028ED
:1016700005FA04F4CEF80440CCF8043004D1CCF8D8
:101680000820CCF80C1070BDCCF80810CCF80C2059
:1016900070BD0000000000002DE9F04103784278A1
:1016A00062F30A23A3F58068A1F8008090F801C0D6
:1016B000A3F2CF3390F802E0632B4FEADC026EF323
:1016C0004A12A2F580644C8090F802C0077990F825
:1016D00003E0A2F2CF324FEA8E0646EA9C1667F389
:1016E0008A26A6F580678F8090F804C090F805E000
:1016F00038BF4FF00008632A4FEA5C05A1F800806C
:10170000A6F2CF3238BF00246EF3CA15632A4C808C
:10171000A5F5806C38BF0027A5F2CF32632A8F80F1
:1017200038BF4FF0000C0A7A8A724A7AA1F806C0D4
:10173000CA72427992090A724279C2F301124A725C
:10174000C2888A810289CA8142890A82027B8A749C
:10175000427BCA74C2898A82008AA0F58060C882EE
:10176000BDE8F0810000000080B54EF6FC514FF05E
:10177000000CCEF200010A6842F080720A6041F269
:10178000000144F24022CEF20001C0F20F025043A9
:1017900044F6D352C1F804C0C1F262020B68A0FB48
:1017A000022E4DF6836243F001030B6040F2C0410C
:1017B000C4F21B32C2F20041A0FB022308604FEAD0
:1017C0009E104860980CC1E9020C80BD000000002A
:1017D000704700000000000041F69C606422C2F2E5
:1017E00000400021C823026042618262C263C0F8E7
:1017F000A020012280F8A8204FF4FA72C0F8C82077
:10180000C0F8DC204BF2B9020172C0F60002C0E958
:1018100003110177C0E9081180F83010C0E90D11FB
:1018200080F84410C0E91211036580F85810C0E92F
:101830001711436680F86C10C0E91C11836780F8AB
:101840008010C0E92111C0F88C3080F89410C0E9F4
:101850002611C0E92B1180F8D010C0E9351180F8AD
:10186000E410C0E93A217047EFF3108072B600BF70
:10187000FEE700000000000044F60400C5F6020088
:10188000816841F0020181600168890409D401681E
:1018900089045CBF01685FEA814102D40168890460
:1018A000F2D570470000000043F27400C2F200401D
:1018B00002F05EBA0000000043F27400C2F2004081
:1018C00002F056BA0000000043F21410C2F20040C9
:1018D00002F04EBA0000000043F21410C2F20040C1
:1018E00002F046BA0000000043F2B410C2F2004019
:1018F00002F03EBA0000000043F2B410C2F2004011
:1019000002F036BA00000000B0B5B0F8901102291C
:10191000A1F1010E08D38A1E0EF0030C032A07D290
:101920009FED2F1A002329E09FED2D1A49E000BFFB
:101930002EF00302A0F110049FED291A002300BF2E
:1019400094ED052A94ED063A31EE021A94ED074A19
:1019500094ED085A043304F1100584ED042A31EEA5
:10196000031A84ED053A84ED064A9A4284ED075A3B
:101970002C4631EE041A31EE051AE1D1BCF1000F0C
:101980001FD05A1CBCF1010F00EB820400EB830254
:1019900094ED002A31EE021A82ED002A11D00233B2
:1019A000BCF1020F00EB830393ED002A84ED002AC3
:1019B00031EE021A05D092ED032A83ED002A31EEB2
:1019C000021A02EE101A31EE001A00EB8E00B8EE89
:1019D000422A80ED000A81EE021AB0EE410AB0BD43
:1019E000000000000000000080B50029A0F8901160
:1019F00008BF80BD8900FEF768FE80BD00000000C2
:101A000040F23070C2F2004090ED690A7047000069
:101A100040F23070C2F2004090ED680A704700005A
:101A200040F23070C2F2004090ED6A0A7047000048
:101A300010B52DED0C8B9FED52CA41F690749FEDC1
:101A4000539AB1EE080AF0EE4C0AB0EE492AC2F2FF
:101A500000449FED4C1A04F5C870DFED4B1A0BF0F3
:101A6000A3FD9FED4C8AB0EE492AF0EE480A04F53A
:101A7000F0709FED470A9FED481ADFED481ADFED41
:101A8000482AFFF78DFBB2EE04BABAEE001A04F54D
:101A9000DC709FED440ADFED440AB0EE4B2ADFED27
:101AA000431A0BF081FD9FED42AAB0EE001AB0EE92
:101AB0004A0AF0EE4C0AF0EE4C1AB0EE4C2A04F54D
:101AC000B4700BF071FD9FED3DCAB0EE0C1AF0EE54
:101AD0004C1AB0EE492A04F120009FED360ADFEDE2
:101AE000360A0BF061FD04F170009FED350ADFED61
:101AF000350A9FED351ADFED351A9FED352ADFEDFA
:101B0000352AFFF74DFB9FED34DAF6EE000AB0EE12
:101B10004D0AF0EE4C1A04F148009FED301A9FED8B
:101B2000302A0BF041FD9FED31CAB0EE4B1AF0EEBA
:101B3000491AB0EE4C2A04F1C4009FED2A0ADFEDE9
:101B40002A0A0BF031FDB0EE4D1AF0EE4A1AB0EE53
:101B50004C2AF0EE482A04F58A709FED250ADFED45
:101B6000250AFFF71DFB40F2586040F21941C2F20E
:101B70000040C4F206014160BDEC0C8B10BD00BFFB
:101B800000000000CDCCCC3E0000FA4300C0DA4596
:101B9000000096423333333F0000F04200004843D8
:101BA0009A99193FCDCC4CBF6F1283BA6666A63F97
:101BB0000000C8429A99B9400AD7A33C00007A4471
:101BC000000014428FC2F53C00002D4300002F445A
:101BD0000000FA446666E63E0000964300409C45DD
:101BE00000606A4600004842CDCCCC3D0060EA4629
:101BF00000001643CDCC4C3F41F6907040F23C5271
:101C0000C2F20040C2F200429FED592BB0F910130E
:101C100092ED0D0AB7EEC03A90ED2B4AA1F696214F
:101C200092ED045A01EE101AB1EE455A80ED555A64
:101C30009FED535A9169C0F8B810B8EEC11B80ED02
:101C40002A0A116BC0F84C1121EE021B9FED4A2BA2
:101C5000A1EE023BB7EEC33B80ED013A30EE443AD1
:101C6000B4EE453AF1EE10FA06DA9FED483A33EE5B
:101C7000443A30EE033A0CE09FED425AB4EE453A56
:101C8000F1EE10FA05DD9FED403A30EE033A33EE07
:101C9000443A90ED2C4A90ED2F5A33EE043A9FEDE2
:101CA0003C4A002180ED2C3A35EE436AB4EE446A9A
:101CB000F1EE10FAA8BF012106DA33EE456AB4EE60
:101CC000446AF1EE10FA30DB9FED2F6A9FED2F7A18
:101CD00075EE060A11F0010105FE205A73EE450A61
:101CE00075EE073AB4EE604AF1EE10FA35FE235A6B
:101CF00041B9F4EE440AF1EE10FAA8BF80ED2F5A74
:101D000002E000BF80ED2F5A75EE430A0021F4EE89
:101D1000440AF1EE10FAA8BF0121D9DA73EE450AA0
:101D2000F4EE440AF1EE10FAD2DAB7EEC33A41F615
:101D30004C51C2F2004180ED2B0AA1EE023B91F81A
:101D40004C110129B7EEC30B80ED030A0FD140F20D
:101D5000F251C2F20041497A022918BF704790ED52
:101D6000060A9FED0C1A30EE010A80ED060A704754
:101D700000000000000020BF00000000008076404E
:101D8000000087C3000087430000B4C30000B443D1
:101D900000003443000034422DE9F041044602F0D3
:101DA00043FE1CB3054694F83500022822D140F2C8
:101DB0000F462768C4F2020640F26F48B7426FF040
:101DC0000E00C4F202081DDC6F21C4F202018F4232
:101DD0002ADC3F21C4F202018F4241DC1021C4F20F
:101DE00002018F4263D028215CE000BF0120BDE8E2
:101DF000F08100BF802060650120002184F834104C
:101E0000BDE8F08147451BDC40F23F41C4F20201CE
:101E10008F422DDC40F21041C4F202018F4246D0C5
:101E200040F228413EE000BF9F21C4F202018F42F0
:101E300028DC7021C4F202018F4238D0882131E0C1
:101E400040F29F41C4F202018F4223DC40F2704114
:101E5000C4F202018F422AD040F2884122E000BF42
:101E60004021C4F202018F4221D058211AE000BF64
:101E700040F24041C4F202018F4218D040F2584172
:101E800010E000BFA021C4F202018F420FD0B821A0
:101E900008E000BF40F2B841C4F202018F4206D010
:101EA00040F2A041C4F202018F42394607D13946BF
:101EB000386820F01E0041F8140B6FF080000A68AB
:101EC000474500EA020008601ADC9F20C4F20200C5
:101ED000874233DC5720C4F2020087425ADC1020CC
:101EE000C4F20200874200F097802820C4F202006A
:101EF000874200F091804020C4F202008AE000BFD7
:101F000045F22F40C5F6020087422DDC40F2B74073
:101F1000C4F2020087424BDC40F27040C4F202007F
:101F2000874279D040F28840C4F20200874273D0E1
:101F300040F2A040C4F202006CE000BF40F2274033
:101F4000C4F20200874243DCA020C4F202008742B0
:101F500062D0B820C4F2020087425DD040F2104047
:101F6000C4F2020056E000BF45F26B40C5F6020025
:101F700087423FDC45F23040C5F6020087424BD035
:101F800045F24440C5F60200874245D045F258402C
:101F90003EE000BF5820C4F2020087423CD07020CF
:101FA000C4F20200874237D08820C4F2020031E038
:101FB00040F2B840C4F2020087422DD045F20840FA
:101FC000C5F60200874227D045F21C4020E000BF42
:101FD00040F22840C4F2020087421DD040F2404047
:101FE000C4F20200874217D040F25840C4F2020007
:101FF00010E000BF45F26C40C5F6020087420BD0EE
:1020000045F29440C5F60200874205D045F2804073
:10201000C5F60200874204D1206E016821F4807168
:102020000160386820F00100386000BF3868C007E0
:1020300010D002F0F9FC401B0628F7D32020606581
:10204000032084F835000120002184F83410BDE815
:10205000F08100BF2068B04210DC6F21C4F20201A1
:1020600088421DDC3F21C4F20201884234DC102189
:10207000C4F20201884255D028214FE040451BDCC4
:1020800040F23F41C4F2020188422DDC40F210418F
:10209000C4F20201884245D040F228413EE000BF30
:1020A0009F21C4F20201884228DC7021C4F202019F
:1020B000884237D0882131E040F29F41C4F20201CA
:1020C000884223DC40F27041C4F20201884229D0E8
:1020D00040F2884122E000BF4021C4F20201884260
:1020E00020D058211AE000BF40F24041C4F2020162
:1020F000884217D040F2584110E000BFA021C4F23E
:10210000020188420ED0B82108E000BF40F2B84179
:10211000C4F20201884205D040F2A041C4F202019B
:1021200088425BD1D4E9161202F01F023F2303FA62
:1021300002F28A6040455BDC9F21C4F202018842C2
:1021400014DC5721C4F20201884227DC1021C4F2BA
:102150000201884200F0A2802821C4F202018842D4
:1021600000F09C804021C4F2020195E040F227413A
:10217000C4F2020188421FDCA021C4F2020188429D
:1021800000F08C80B821C4F20201884200F0868001
:1021900040F21041C4F202017EE000BF5821C4F2B7
:1021A000020188427AD07021C4F20201884275D0BF
:1021B0008821C4F202016FE040F22841C4F202011A
:1021C00088426BD040F24041C4F20201884265D09F
:1021D00040F25841C4F202015EE000BFD4E9161299
:1021E00002F01F02012303FA02F24A604045A3DD18
:1021F00045F22F41C5F60201884217DC40F2B74193
:10220000C4F20201884227DC40F27041C4F20201AC
:10221000884243D040F28841C4F2020188423DD056
:1022200040F2A041C4F2020136E000BF45F26B412A
:10223000C5F6020188421FDC45F23041C5F60201B5
:1022400088422BD045F24441C5F60201884225D090
:1022500045F258411EE000BF40F2B841C4F202010D
:1022600088421BD045F20841C5F60201884215D0CC
:1022700045F21C410EE000BF45F26C41C5F602017B
:1022800088420BD045F29441C5F60201884205D040
:1022900045F28041C5F6020188420BD1616EA26E03
:1022A000E06E4A6030B1016821F480710160D4E9C8
:1022B0001C014160012084F835000020002184F8D1
:1022C0003410BDE8F081000080B5D8B190F8351029
:1022D000022919D140F20F420168C4F20202914270
:1022E00016DC6F23C4F20203994227DC3F23C4F2B9
:1022F000020399423EDC1023C4F2020399425FD0EC
:10230000282359E0012080BD80214165012080BD46
:1023100040F26F43C4F2020399421BDC40F23F4398
:10232000C4F2020399422DDC40F21043C4F20203CE
:10233000994245D040F228433EE000BF9F23C4F2BB
:102340000203994228DC7023C4F20203994237D079
:10235000882331E040F29F43C4F20203994223DC18
:1023600040F27043C4F20203994229D040F28843FC
:1023700022E000BF4023C4F20203994220D0582338
:102380001AE000BF40F24043C4F20203994217D062
:1023900040F2584310E000BFA023C4F20203994268
:1023A0000ED0B82308E000BF40F2B843C4F20203E5
:1023B000994205D040F2A043C4F20203994275D17C
:1023C00091424FF0040280F8352011DC6F20C4F2F6
:1023D0000200814222DC3F20C4F20200814239DC4B
:1023E0001020C4F20200814259D0282054E000BFDE
:1023F00040F26F40C4F2020081421BDC40F23F40D9
:10240000C4F2020081422DDC40F21040C4F202000E
:10241000814244D040F228403EE000BF9F20C4F2F9
:102420000200814228DC7020C4F20200814236D0D2
:10243000882031E040F29F40C4F20200814223DC58
:1024400040F27040C4F20200814228D040F288403D
:1024500022E000BF4020C4F2020081421FD0582079
:102460001AE000BF40F24040C4F20200814216D0A0
:1024700040F2584010E000BFA020C4F202008142A8
:102480000DD0B82008E000BF40F2B840C4F202000E
:10249000814204D040F2A040C4F2020081420868A8
:1024A00020F001000860002080BD00BF0A6822F013
:1024B0000E020A6045F25742C5F6020291420A68CE
:1024C00022F001020A600FDC45F22F42C5F602023B
:1024D000914219DC45F20842C5F60202914229D028
:1024E00045F21C4222E000BF45F27F42C5F60202DF
:1024F000914213DC45F25842C5F60202914219D0CE
:1025000045F26C4212E000BF45F23042C5F60202CD
:1025100091420FD045F2444208E000BF45F2944298
:10252000C5F60202914205D045F28042C5F602028C
:1025300091421AD1D0E9181CD0E916E30A6822F4B6
:1025400080720A6003F01F01012202FA01F1CEF845
:102550000410816ECCF80410C16E31B10A6822F407
:1025600080720A60D0E91C124A60012180F835109F
:10257000026D002180F834100AB19047002108460E
:1025800080BD0000000000002DE9F04782B000216E
:10259000019140F2A8010446C2F2004148F2B5128E
:1025A000C1F64E32A56D096840F26F490068C4F269
:1025B0000209A1FB021848452E68296816DC9F21F4
:1025C000C4F2020188422DDC5721C4F20201884284
:1025D00052DC1021C4F2020188427CD02821C4F2CE
:1025E0000201884277D0402170E000BF45F22F42BF
:1025F000C5F60202904229DC40F2B742C4F2020260
:10260000904245DC40F27041C4F20201884262D03F
:1026100040F28841C4F2020188425CD040F2A041FD
:1026200054E000BF40F22741C4F2020188423FDC7F
:10263000A021C4F2020188424DD0B821C4F20201A7
:10264000884248D040F2104140E000BF45F26B4262
:10265000C5F60202904275DC45F23042C5F6020230
:10266000904200F0828045F24442C5F60202904258
:102670007BD045F2584273E05821C4F202018842EF
:1026800029D07021C4F20201884224D088211DE0A3
:1026900040F2B842C4F2020290421CD045F2084215
:1026A000C5F60202904260D045F21C4258E000BFDD
:1026B00040F22841C4F2020188420CD040F240416D
:1026C000C4F20201884206D040F25841C4F202012D
:1026D000884240F05A83E16D082201F01F0140F268
:1026E0000F4A8A40C4F2020A324200F0E6805045A6
:1026F0004FF0040312DC6F27C4F20207B8426FDC0C
:102700003F27C4F20207B84200F3A4801027C4F2A6
:102710000207B84200F0C5802827BDE048456BDCC1
:1027200040F23F47C4F20207B84200F39B8040F2F8
:102730001047C4F20207B84200F0B38040F22847C5
:10274000AAE000BF45F26C42C5F6020290420CD0EE
:1027500045F28042C5F60202904206D045F294420C
:10276000C5F60202904240F010830268E36D03F068
:102770001F0304279F400F4218BF12F0040621D107
:1027800002279F400F4218BF12F002064CD1D940D9
:10279000090740F1FA8212F0080100F0F6820168A0
:1027A00021F00E010160012000FA03F1696060650B
:1027B00084F835000020E16C84F83400002940F0F2
:1027C000DC82E2E211046F6026D4910603D4016832
:1027D00021F004010160216C002940F0CE82D4E296
:1027E0009F27C4F20207B84246DC7027C4F20207F2
:1027F000B84256D088274FE040F29F47C4F2020704
:10280000B84241DC40F27047C4F20207B84248D0F7
:1028100040F2884740E000BFD00300F1B382A16CD2
:10282000002940F0AA82B0E211046F6000F1B0828A
:10283000910609D4016821F00A010160012084F8A1
:102840003500002084F83400E16B002940F09582C7
:102850009BE200BF4027C4F20207B84221D05827AC
:102860001AE000BF40F24047C4F20207B84218D055
:1028700040F2584710E000BFA027C4F20207B84258
:102880000FD0B82708E000BF40F2A047C4F202070B
:10289000B84206D040F2B847C4F20207B84218BFA7
:1028A000082307681F4208D0036823F0040303606D
:1028B000AA60626D42F00102626501228A403242E2
:1028C0006FD0504510DC6F23C4F2020398421DDC28
:1028D0003F23C4F20203984234DC1023C4F2020303
:1028E000984256D028234FE048451BDC40F23F4336
:1028F000C4F2020398422DDC40F21043C4F20203FA
:10290000984246D040F228433EE000BF9F23C4F2E5
:102910000203984228DC7023C4F20203984238D0A4
:10292000882331E040F29F43C4F20203984223DC43
:1029300040F27043C4F2020398422AD040F2884326
:1029400022E000BF4023C4F20203984221D0582362
:102950001AE000BF40F24043C4F20203984218D08C
:1029600040F2584310E000BFA023C4F20203984293
:102970000FD0B82308E000BF40F2A043C4F2020326
:10298000984206D040F2B843C4F20203984240F0A5
:10299000058243691B0604D5AA60626D42F00202FB
:1029A000626504228A4032426FD0504510DC6F23AA
:1029B000C4F2020398421DDC3F23C4F20203984292
:1029C00034DC1023C4F20203984256D028234FE08F
:1029D00048451BDC40F23F43C4F2020398422DDC21
:1029E00040F21043C4F20203984246D040F228431A
:1029F0003EE000BF9F23C4F20203984228DC70230C
:102A0000C4F20203984238D0882331E040F29F4359
:102A1000C4F20203984223DC40F27043C4F2020382
:102A200098422AD040F2884322E000BF4023C4F2FB
:102A30000203984221D058231AE000BF40F24043DD
:102A4000C4F20203984218D040F2584310E000BF8D
:102A5000A023C4F2020398420FD0B82308E000BFBD
:102A600040F2A043C4F20203984206D040F2B843B9
:102A7000C4F20203984240F0998103689B0704D591
:102A8000AA60626D42F004026265102202FA01F14E
:102A9000314200F0818050454FF0080210DC6F2376
:102AA000C4F2020398421DDC3F23C4F202039842A1
:102AB00034DC1023C4F20203984256D028234FE09E
:102AC00048451BDC40F23F43C4F2020398422DDC30
:102AD00040F21043C4F20203984246D040F2284329
:102AE0003EE000BF9F23C4F20203984228DC70231B
:102AF000C4F20203984238D0882331E040F29F4369
:102B0000C4F20203984223DC40F27043C4F2020391
:102B100098422AD040F2884322E000BF4023C4F20A
:102B20000203984221D058231AE000BF40F24043EC
:102B3000C4F20203984218D040F2584310E000BF9C
:102B4000A023C4F2020398420FD0B82308E000BFCC
:102B500040F2A043C4F20203984206D040F2B843C8
:102B6000C4F20203984218BF04220368134213D030
:102B7000A96001684903016808D4C90508D401683F
:102B800021F008010160216C21B905E008034FD450
:102B9000216C09B120468847E06D00F01F0120201C
:102BA00000FA01F2324200F0AB8020681023504559
:102BB00010DC6F27C4F20207B8421DDC3F27C4F2C5
:102BC0000207B84238DC1027C4F20207B8425AD0D4
:102BD000282753E048451BDC40F23F47C4F2020778
:102BE000B84231DC40F21047C4F20207B8424AD082
:102BF00040F2284742E000BF9F27C4F20207B842D4
:102C00002CDC7027C4F20207B8423CD0882735E09C
:102C100040F29F47C4F20207B84227DC40F27047F7
:102C2000C4F20207B8422ED040F2884726E000BF27
:102C3000A16C0029AED1AFE74027C4F20207B84229
:102C400021D058271AE000BF40F24047C4F20207E3
:102C5000B84218D040F2584710E000BFA027C4F295
:102C60000207B8420FD0B82708E000BF40F2A047E3
:102C7000C4F20207B84206D040F2B847C4F20207D5
:102C8000B84218BF022307681F4239D0AA6094F8DF
:102C90003520042A02681BD122F016020260426924
:102CA00022F080024261226C0AB9A26C1AB1026859
:102CB00022F0080202603F208840A860012084F8CA
:102CC0003500216D0020002984F8340055D15CE0E6
:102CD000510301680CD4C9050ED4016821F010011C
:102CE0000160012084F83500002084F8340003E0FE
:102CF000080301D4616C00E0E16B09B1204688470C
:102D0000606D002841D0606DC00734D0042084F885
:102D1000350020684FEA9821026822F00102026023
:102D2000019A013201928A421AD80268D20717D05A
:102D3000019A013201928A4212D80268D2070FD05A
:102D4000019A013201928A420AD80268D20707D05A
:102D5000019A013201928A4202D80268D207DFD179
:102D60000068C0074FF0030008BF012084F8350059
:102D7000002084F83400E16C39B1204602B0BDE88F
:102D8000F0470847216C0029F7D102B0BDE8F08771
:102D9000D0030DD4616C0029EFD1F6E7026804225C
:102DA0008A4032427FF401AE6FE600BF02686CE6F3
:102DB000E16B0029E1D1E8E72DE9F04381B0044659
:102DC00001F032FE002C00F0AF8040F26F48054663
:102DD0002068C4F20208404516DC9F21C4F20201BB
:102DE00088422DDC5721C4F20201884254DC1021B4
:102DF000C4F20201884200F07E802821C4F2020160
:102E0000884278D0402171E045F22F41C5F6020199
:102E1000884229DC40F2B741C4F20201884247DC13
:102E200040F27041C4F20201884264D040F288410D
:102E3000C4F2020188425ED040F2A04156E000BFD9
:102E400040F22741C4F20201884241DCA021C4F2D1
:102E5000020188424FD0B821C4F2020188424AD010
:102E600040F2104142E000BF45F26B41C5F602015D
:102E7000884200F3BD8045F23041C5F60201884228
:102E800000F0C98045F24441C5F60201884200F0D5
:102E9000C28045F25841B9E05821C4F2020188428B
:102EA00029D07021C4F20201884224D088211DE07B
:102EB00040F2B841C4F2020188421CD045F20841F8
:102EC000C5F60201884200F0A68045F21C419DE053
:102ED00040F22841C4F2020188420CD040F2404145
:102EE000C4F20201884206D040F25841C4F2020105
:102EF000884240F02581022184F83510002184F8B1
:102F00003410016821F00101016000BF20680168F0
:102F1000C9070DD001F088FD401B0628F6D32020FC
:102F20006065032084F83500012001B0BDE8F0831E
:102F300048F23F0204F108060168CFF61062114022
:102F4000D4F818C06CCE1143D4F824901943E36927
:102F50002943256A0E43B9F1040F43EA060343EA05
:102F6000050343EA0C0303D1D4E90B652E43334335
:102F7000666843F48011A6F13F07A6F12905042FE6
:102F8000A6F1470238BF0B46062DA6F14F0E38BFFB
:102F90000B46022A26F0030238BF0B46BEF1040F8F
:102FA00038BF0B46742A08BF0B46B9F1040F036003
:102FB000416921F0070141EA090140F0DD80D4E9CF
:102FC0000A53002B41EA050100F0D680BCF5005FF2
:102FD00000F0B880BCF1000F40F0C080022D00F07E
:102FE000C080012D00F0B480002D00F0BA80C3E055
:102FF00045F26C41C5F6020188420CD045F2804191
:10300000C5F60201884206D045F29441C5F6020198
:10301000884240F0958004F1080E022184F83510B2
:10302000002184F834100168A3699EE80450A2F1DD
:103030008005E769B5FA85F566696D09402A4FEAAA
:10304000853543EA07026FF3101142EA060208BF12
:10305000102541EADC0142EA0E02236A294341EAD3
:10306000D20141EA131140F80819C0B2CD214843FA
:103070003C2101EA9020E0652046FEF7EDF8E16D85
:10308000012201F01F0102FA01F141602068404570
:1030900000F381809F21C4F20201884214DC572191
:1030A000C4F20201884227DC1021C4F202018842E6
:1030B00000F0C7802821C4F20201884200F0C180DC
:1030C0004021C4F20201B9E040F22741C4F20201FA
:1030D000884221DCA021C4F20201884200F0B180C4
:1030E000B821C4F20201884200F0AB8040F21041E6
:1030F000C4F20201A2E000BF5821C4F202018842DA
:1031000000F09F807021C4F20201884200F0998093
:103110008821C4F2020191E040F22841C4F2020188
:10312000884200F08E8040F24041C4F202018842A1
:1031300000F0878040F25841C4F202017EE000BFF7
:103140004020EDE6032D17D8DFE805F00E0B0E0248
:10315000A3F1C072B2FA82F2520904E0032D03D344
:103160000AD1C3F300623AB140206065012084F8BF
:10317000350001B0BDE8F08341612046FEF76CF8F0
:10318000E16D3F2201F01F0102FA01F18160206828
:1031900040457FF77FAF45F22F41C5F602018842D7
:1031A00016DC40F2B741C4F20201884226DC40F24C
:1031B0007041C4F20201884243D040F28841C4F217
:1031C000020188423DD040F2A041C4F2020135E044
:1031D00045F26B41C5F6020188421FDC45F23041E1
:1031E000C5F6020188422CD045F24441C5F60201E1
:1031F000884226D045F258411EE000BF40F2B84157
:10320000C4F2020188421CD045F20841C5F6020111
:10321000884216D045F21C410EE000BF45F26C41D9
:10322000C5F6020188420CD045F29441C5F6020170
:10323000884206D045F28041C5F60201884240F03E
:10324000E18045F2574C45F6FC01C5F6020CC5F687
:10325000020160450EDC45F22F42C5F602029042A3
:1032600018DC45F20842C5F60202904228D045F229
:103270001C4221E045F27F42C5F60202904213DC77
:1032800045F25842C5F60202904219D045F26C420E
:1032900012E000BF45F23042C5F6020290420FD064
:1032A00045F2444208E000BF45F29442C5F60202EE
:1032B000904205D045F28042C5F60202904247D1C5
:1032C00000F0FC024CF6CD43083ACCF6CC43A2FB0E
:1032D0000323A1F1FC05A1F17C061B0905EB830585
:1032E00003F01F02A3682566802B4FF0010303FA49
:1032F00002F26666A26605D10020606028607260F6
:103300001EE000BF6768FBB2013F072F2B607260B1
:1033100016D85E1E082E19D2604501F1440237DC32
:1033200045F22F47C5F60207B84241DC45F208478F
:10333000C5F60207B84259D045F21C474AE000BF23
:1033400000206067C4E91B005CE000BFE06E54E051
:1033500000F0F8024AF6AB23103ACAF6AA23A2FB01
:10336000032740F20F43C4F2020308253A099842AA
:1033700003F1AA06134688BF05EB171340F60005B4
:10338000B042C4F2020505F1800628BF1346A5E746
:1033900045F27F47C5F60207B84213DC45F25847AD
:1033A000C5F60207B84221D045F26C4712E000BFD3
:1033B00045F23047C5F60207B84217D045F24447F8
:1033C00008E000BF45F28047C5F60207B8420DD0BD
:1033D00045F29447C5F60207B84207D040F6000010
:1033E000C4F2020000F1FC0100F5A07201EB8300C1
:1033F0000121E066B1402267616700210160D4E9E4
:103400001C01416000206065012184F8351001B085
:10341000BDE8F08300000000B0B500283CD00546B0
:1034200090F83400012801D10220B0BD012085F8B8
:10343000340095F83500012828D1022085F83500A0
:10344000002068652868046824F0010404602846A8
:10345000FDF796FF40F20F422868C4F2020240F2E4
:103460006F419042C4F2020118DC6F23C4F20203E0
:10347000984225DC3F23C4F2020398423CDC10232F
:10348000C4F2020398425ED0282357E04FF4006054
:103490006865002085F834000120B0BD88421BDC3F
:1034A00040F23F43C4F2020398422DDC40F2104345
:1034B000C4F20203984246D040F228433EE000BFE7
:1034C0009F23C4F20203984228DC7023C4F2020353
:1034D000984238D0882331E040F29F43C4F202037F
:1034E000984223DC40F27043C4F2020398422AD08F
:1034F00040F2884322E000BF4023C4F20203984216
:1035000021D058231AE000BF40F24043C4F2020326
:10351000984218D040F2584310E000BFA023C4F2F4
:10352000020398420FD0B82308E000BF40F2B8432E
:10353000C4F20203984206D040F2A043C4F2020350
:10354000984240F02F8103680B2464F34403036026
:103550002B6C1BB10823046823430360884219DCE9
:103560009F23C4F20203984232DC5723C4F20203C1
:10357000984259DC1023C4F20203984200F096806E
:103580002823C4F20203984200F090804023C4F242
:10359000020389E045F22F43C5F6020398422DDC71
:1035A00040F2B743C4F2020398424BDC40F270434E
:1035B000C4F20203984279D040F28843C4F2020375
:1035C000984273D040F2A043C4F202036CE000BF03
:1035D00040F22743C4F20203984243DCA023C4F222
:1035E0000203984262D0B823C4F2020398425DD02D
:1035F00040F21043C4F2020356E000BF45F26B43B1
:10360000C5F6020398423FDC45F23043C5F602039B
:1036100098424BD045F24443C5F60203984245D048
:1036200045F258433EE000BF5823C4F202039842DB
:103630003CD07023C4F20203984237D08823C4F2EE
:10364000020331E040F2B843C4F2020398422DD0A5
:1036500045F20843C5F60203984227D045F21C43C1
:1036600020E000BF40F22843C4F2020398421DD07C
:1036700040F24043C4F20203984217D040F258434C
:10368000C4F2020310E000BF45F26C43C5F602032A
:1036900098420BD045F29443C5F60203984205D0F8
:1036A00045F28043C5F60203984274D12B6E1C6824
:1036B000E40303D51C6844F480741C60EB6E1BB1FA
:1036C0001D6845F480751D60904211DC6F21C4F2C5
:1036D000020188421EDC3F21C4F20201884235DC2F
:1036E0001021C4F20201884255D0282150E000BFC9
:1036F00088421BDC40F23F41C4F2020188422DDCCB
:1037000040F21041C4F20201884244D040F2284104
:103710003EE000BF9F21C4F20201884228DC7021F4
:10372000C4F20201884236D0882131E040F29F4144
:10373000C4F20201884223DC40F27041C4F202016B
:10374000884228D040F2884122E000BF4021C4F2E4
:10375000020188421FD058211AE000BF40F24041C8
:10376000C4F20201884216D040F2584110E000BF76
:10377000A021C4F2020188420DD0B82108E000BFA8
:1037800040F2B841C4F20201884204D040F2A041A4
:10379000C4F202018842016841F001010160002089
:1037A000B0BD00BF0368052464F3430303602B6CC2
:1037B000002B3FF4D3AE0423CDE600000000000050
:1037C000B0B5044601F030F940F2A0010546C2F25E
:1037D0000041621C097818BF0C4400BF01F024F9B5
:1037E000401BA042FAD3B0BD90F89830013B012BAA
:1037F0000ED80068836D0B4212D0836D0B408B4254
:1038000016D1C36D43F00203C3658B0514D418E0D1
:1038100000F19C01012002220B681A430A607047E4
:10382000C36D43F00103C3658B0505D409E000BFF8
:103830000323C3658B0504D5D0F8E0301343C0F8EB
:10384000E0304B0504D5D0F8E4301A43C0F8E4204A
:103850004FF6FF72436DC3F6CF720A401A434265BA
:103860008A0F4AF614010020C4F200010B681A43C3
:103870000A607047000000002DE9F04390F898308E
:10388000022B19D10668D6F8C03013F07C5F1DD02A
:10389000D6F8C4309B0223D4D6F8C4300C69C3F3E5
:1038A000044CD1E90035002D8D6823D023432B43F0
:1038B00043F0804E22E000BFD0F89C1041F0080198
:1038C000C0F89C100120BDE8F08300BFD0F89C1028
:1038D00041F02001C0F89C100120BDE8F08300BF3A
:1038E000D0F89C1041F40071C0F89C100120BDE894
:1038F000F08300BF44EA834343EA050E836ED0F8A9
:103900008450D1E907970CFB03F48B6949EA0767F8
:10391000D1F81480D1F80C901F4305EB840347EADB
:10392000080745F824E047EA09475F60CF6887B198
:1039300047F29015083303320024C0F6010500BF9A
:10394000171957F8037C1F51CF680434EF5DBC4250
:10395000F6D3012101FA0CF1C6F8D010C0F894108A
:103960000020BDE8F0830000704700000000000068
:1039700090F89830012B0DD1012913D0F1B90068CE
:10398000D0F8F01021F07C5141EA0261C0F8F0104B
:1039900000207047D0F89C1041F00401C0F89C1042
:1039A000012070470068D0F8A01021F0FE4141EAE4
:1039B0000261C0F8A0100020704700BF0068D0F876
:1039C000B01021F0FE4141EA0261C0F8B0100020C1
:1039D000704700000000000080B590F89820013A80
:1039E000012A0BD80A68002ACA680FD00B69072A77
:1039F00043EA427E18D18B691BE000BFD0F89C10CF
:103A000041F00201C0F89C10012080BD072A19D1A5
:103A10000A69D1F81CC012048B6942EA0C221A43CD
:103A200042F0605218E000BFD1F808C04B6943EA89
:103A30008C73006F496800EBC10240F831E0002050
:103A4000536080BD8B68D1F810C09B0743EAC26207
:103A50004B6942EA0C421A434968C06E40F8212083
:103A6000002080BD0000000090F898C0BCF1010F5C
:103A70000ED19200006842EA0111DDF800C041EA6F
:103A8000430141EA0C01C0F880100020704700BFDC
:103A9000D0F89C1041F00401C0F89C100120704740
:103AA000704700000000000010B58CB043F27402B3
:103AB00001F00071C2F2004290420BD151B143F2C9
:103AC000740401A9C2F20044204600F031F80698BF
:103AD00018BB29E043F21412C2F2004290420BD10B
:103AE00051B143F2141401A9C2F20044204600F07F
:103AF0001FF8069888B917E043F2B412C2F20042E8
:103B0000904211D181B143F2B41401A9C2F2004430
:103B1000204600F00DF8069830B12068816921F048
:103B2000010181610CB010BD0CB010BD000000009F
:103B30000068426C02F007000860C2F3022048608F
:103B4000C2F3803302F018008860C2F34010C860EE
:103B5000C2F380100861C2F3C0104861C2F3C020F4
:103B60008861C2F30030C861C2F34030C1E9080384
:103B7000C2F3064200208A62704700000000000085
:103B80002DE9F04390F89870022F11D1402919D1F6
:103B90000668D6F8A07017F4FE0F2FD0D6F8A470E0
:103BA0007F0635D0D6F8A470FF013BD400273CE057
:103BB000D0F89C1041F00801C0F89C100120BDE82D
:103BC000F08300BF41290FD10668D6F8B07017F412
:103BD000FE0F13D0D6F8B4707F0619D0D6F8B470A3
:103BE000FF012BD400272CE0076D8F4206D900F18E
:103BF0007C04456D4FF0000C0E462BE0D0F89C1075
:103C000041F02001C0F89C100120BDE8F08300BF06
:103C1000D0F89C1041F48071C0F89C100120BDE8E0
:103C2000F08300BFD6F8A070FF0FD6F8A46000F1B3
:103C30007404C6F30526F519466C0AE0D6F8B07090
:103C4000FF0FD6F8B46000F17804C6F30526F51925
:103C5000C66CAC467543246804EB850E54F8257099
:103C600017F08047576054F8257027F0604608BF6A
:103C7000C7F38A46166054F8257007F0005797601E
:103C800054F8254004F000441461BEF80440D461A7
:103C9000BEF8064014F00F04D460DEF8044004F4CB
:103CA00080145461DEF8044004F4001494619EF81A
:103CB000074004F07F041462DEF804404FEAD47435
:103CC000546228D047F290180024C0F601080EEB89
:103CD0000406651C377A1F55D76818F80770BD426F
:103CE00019D21F19757A7D70D56818F80590A51C32
:103CF0004D453FBFB57ABD70D56818F805903CBFFB
:103D0000E51C4D4507D2F57A0434FD70D56818F8E6
:103D10000550AC42DBD3402906D10068C0F8A8C0EA
:103D20000020BDE8F08300BF412905D10068C0F83C
:103D3000B8C00020BDE8F0831F2909D8006801221F
:103D400002FA01F1C0F898100020BDE8F08300BF2E
:103D5000006801F01F01012202FA01F1C0F89C1075
:103D60000020BDE8F0830000704700000000000064
:103D70002DE9F04F89B004464AF61000C4F2000065
:103D800001684AF61400C4F200000268206802EAE2
:103D90000108056DD0F85490036D0293436D0193B3
:103DA000036D0493436D0393036D0893436D079371
:103DB000036D0693436D0593D0F854A0D0F850B02E
:103DC0005FEACA530ED51BF480710BD04FF480719B
:103DD00001654AF610010020C4F200010860204687
:103DE000FFF7C2FF05EA09064AF610095FEA4A50E2
:103DF000C4F200094FEA887711D51BF480600ED019
:103E00002068D0F8DC10D0F8E42011404FF4806234
:103E100002650020C9F80000204600F015FDDDE92C
:103E2000011000EA010506F4704657B12068002130
:103E3000016508F00300C9F8000020463946FFF785
:103E400093FDDDE9031000EA010705F00F0546B117
:103E50002068314606650020C9F80000204600F0C1
:103E6000FBFC07F0F00645B12068294605650020F7
:103E7000C9F80000204600F0EFFB46B1206831464B
:103E800006650020C9F80000204600F0A5FC5FEAA6
:103E90000A500CD51BF4006009D020684FF4006173
:103EA00001650020C9F80000204600F0D9FC5FEA57
:103EB0008A5011D51BF400700ED02068D0F8D810AD
:103EC000D0F8E02011404FF4007202650020C9F8DC
:103ED0000000204600F0BCFC5FEA0A300CD51BF461
:103EE000002009D020684FF4002101650020C9F8A6
:103EF0000000204600F0ACFB5FEACA300CD51BF492
:103F0000803009D020684FF4803101650020C9F865
:103F10000000204600F094FC5FEA4A30DDE905101D
:103F200000EA01050CD51BF4802009D020684FF46D
:103F3000802101650020C9F80000204600F07CFCCB
:103F40005FEA8A30DDE9071000EA010005F06071E0
:103F50000FD51BF400320CD022684FF400331365E8
:103F60000022C9F80020D4F89C2042F08002C4F856
:103F70009C2000F0715539B1206801650020C9F816
:103F800000002046FFF790FD206845B1056500213F
:103F9000C9F80010D4F89C102943C4F89C10A9F566
:103FA000016188420AD0D4F89C00002868D02046DD
:103FB00009B0BDE8F04FFFF773BD00BF60688168CE
:103FC0008907F0D0016A426A036A476A114003EA2E
:103FD000070202F03005D0F82080D0F82490D0F805
:103FE00020B0D0F824A0026A089211F00F01426AB2
:103FF0000792466A026A069203D00162204600F0E8
:104000000FFC08EA09072DB16068294605622046C1
:1040100000F00EFC70060BEA0A0607F4C0750ED518
:10402000069810F040000AD060684023C16BC26B54
:10403000090C02F03F020362204600F0F5FBDDE9C7
:10404000071000EA010706F4FC462DB16068294616
:104050000562204600F0E0FB07F4F02036B161680D
:104060000E62D4F89C103143C4F89C1000289AD0FA
:1040700061680862D4F89C100843C4F89C0092E779
:1040800009B0BDE8F08F00002DE9F04F85B0A8B36E
:104090004AF200080446C4F200080068404531D0E6
:1040A00094F89810A9B3816921F01001816100F0A2
:1040B000BBFC054620688169090705D500F0B4FC02
:1040C000401B0B28F6D310E0816941F001018161AA
:1040D00000F0AAFC054600BF20688169C90721D10C
:1040E00000F0A2FC401B0B28F6D30120D4F89C1052
:1040F0000843C4F89C00032084F89800012005B010
:10410000BDE8F08F08F58071616094F8981000297F
:10411000C9D1002084F89900204600F0B5F9206844
:10412000C1E700BF816941F002018161217C8269A0
:1041300022F04002012918BF40328261617C82690D
:1041400022F48042012908BF02F580428261A17CED
:10415000826922F48052012918BF02F580528261DF
:10416000816921F44073D4E902120B4383618369AE
:1041700023F0A4038361036923F0100303619AB160
:10418000012A0DD0022A09D08369032A43F0800353
:104190008361036943F01002026105D1202200E02F
:1041A000042283691A438261D4E90572E369561EC9
:1041B0006FF0FF02256A02EB0323B1F5407F43EA6B
:1041C0004663A5F1010646EA030640F20003CFF676
:1041D000FF7303EB074746EA0701C16110D1D4E939
:1041E0000B65D4E90917013F02EB06226FF00F06B9
:1041F0003A4306EB05173A4303EB01411143C16013
:10420000236E2BB1616ED0F8C0201143C0F8C010EE
:10421000E16DCDE90313D94246F64071C0F60101C4
:1042200009D0D0F8C820A36E22F0070251F823303D
:104230001A43C0F8C820D4F840A0BAF1000F09D042
:10424000D0F8BC20636C22F0070251F823301A43E7
:10425000C0F8BC20A76C57B1D0F8BC20E36C22F0AA
:10426000700251F8233042EA0312C0F8BC20D4F89F
:1042700050C0BCF1000F0AD0D0F8BC20636D22F40E
:10428000E06251F8231042EA0121C0F8BC10404519
:1042900004D161688A6822F003028A600021C4F8B0
:1042A0009410C4F89C10012184F898104FF6FC7209
:1042B000D0F88410D4F83C9021EA0203656CD4E96C
:1042C0000D120292019543EA8103C0F88430D0F8C0
:1042D000843023F47F0343EA0243C0F88430531848
:1042E000D0F888606FF38F0646EA8306C0F88860CE
:1042F000D0F8886003EB490326F4FE0646EA094637
:10430000C0F88860D0F8A0606FF38F0646EA830695
:10431000C0F8A060D0F8A06005FB0A3326F4FE06C2
:1043200046EA0A46C0F8A060D0F8B0606FF38F0686
:1043300046EA8306C0F8B060D0F8B06026F4FE0606
:1043400046EA0746C0F8B060E66CD0F8AC506FF3B0
:104350008F0506FB07337E4345EA8305C0F8AC5062
:10436000D4F8548008FB0C35D0F8F0306FF38F038D
:1043700008FB0CFC43EA8503C0F8F030D0F8F0E00D
:10438000A36D2EF47C1242EA0342C0F8F02005EB44
:104390004302D0F8C0506FF38F0545EA8202C0F89F
:1043A000C020D0F8C020DDF80CB022F47C1242EA24
:1043B0000B42C0F8C020019AD0F8C05025F07C55BF
:1043C00002FB0AFE4AF20002C4F20002DDF810A06D
:1043D00002EB8101029A01F5406145EA0A6501EBB1
:1043E0008207C0F8C05007EBC902A56E02EB8E0031
:1043F000626700EB86060BFB05F2276706EB8C076E
:10440000C4E91E060AFB05F007EBC30303EB8202B7
:10441000C4F884304DF2FC33E16602EB8000C4F254
:1044200000039842C4F88070C4F88820C4F8900053
:1044300002D920205AE600BF814221D20A4600203C
:1044400042F8040BD4F890309A4215D2486001F13A
:104450000802D4F890309A423FBF0020886001F1F2
:104460000C02D4F8903038BF9A4205D2C86010319F
:10447000D4F890209142E1D305B0BDE8F08F00BFA1
:10448000002005B0BDE8F08FB0B5B6B0044602A874
:10449000B8210025CDE93455CDE932553195FCF7E9
:1044A00014F94DF200412068C4F20001884241D065
:1044B0004AF20041C4F20001884273D04AF200017E
:1044C000C4F20001884240F0BF80002003904FF406
:1044D000004002904FF080501D9002A801F058FE5D
:1044E00008B1FDF7C1F940F29C6144F2E040C2F22C
:1044F0000041C5F602000A68002A02F101020A60C2
:1045000008D1C16841F48071C160C16801F4807153
:10451000019101990168152441F0080101600068CA
:10452000132500F008000190019803203190092123
:1045300033E000BF4FF4004002904FF080501D90D8
:1045400002A8039501F024FE08B1FDF78DF940F2B1
:104550009C6144F2E040C2F20041C5F602000A68E4
:10456000002A02F101020A6008D1C16841F4807199
:10457000C160C16801F48071019101990168A024B2
:1045800041F00801016000689F2500F008000190DB
:10459000052101984FF44050319040F60040C5F697
:1045A000020038E0002003904FF4004002904FF0EA
:1045B00080501D9002A801F0EBFD08B1FDF754F901
:1045C00040F29C6144F2E040C2F20041C5F60200B4
:1045D0000A68002A02F101020A6008D1C16841F4A8
:1045E0008071C160C16801F4807101910199016815
:1045F000162441F0020101600068142500F0020059
:10460000019001986020319040F60040C5F602000C
:104610000921A0F50060359131A9022232920022D1
:10462000CDE9332200F020F905210022284600F0D0
:1046300013FB284600F0FCFA05210022204600F07A
:104640000BFB204600F0F4FA36B0B0BD00000000CD
:10465000704700000000000010B58EB043F27401F6
:10466000C2F2004188420DD043F21411C2F200415F
:10467000884219D043F2B411C2F2004188422BD0D3
:104680000EB010BD43F2740004AAC2F2004002ABA7
:104690004021FFF775FAB8B341F63C50C2F2004032
:1046A00041890131418175E043F2141004AAC2F23C
:1046B000004002AB4021FFF763FA002840D041F6EA
:1046C0003C50C2F2004081890131818143F21414CF
:1046D000C2F2004462E000BF43F2B41404AAC2F282
:1046E000004402AB40212046FFF74AFA002855D08B
:1046F00041F63C5043F2B414C2F20040C2F200440E
:10470000C1890131C18149E00498A0F20121022947
:1047100028D20138BDF80A20C1B2BDF80C304901D9
:104720009DF90E4051FA80F043F6D031C2F20041BB
:10473000009401EBC000BDF8081000F5887024E07B
:10474000049840F20521884230D01128BED141F6AC
:10475000907002A9C2F2004000F583600FF054FD92
:10476000B4E700BF40F20321884213D143F6D034AE
:10477000BDF80810BDF80A20BDF80C309DF90E00F8
:10478000C2F20044009004F10800C9BAD2BADBBA00
:10479000FCF712FD43F27404C2F20044012100222E
:1047A0002046FFF721F80EB010BD00BFBDF808107D
:1047B000BDF80C30BDF80A2041F690749DF90E004A
:1047C000C2F20044C9BA0090D2BA04F54470DBBA10
:1047D000FCF7F2FC7AE700007047000000000000E0
:1047E00090F8981001290DD1022180F898100168E5
:1047F0008A6922F001028A610021C0F89C100846F3
:10480000704700BFD0F89C1041F00401C0F89C1024
:104810000120704700000000704700000000000009
:10482000704700000000000070470000000000001A
:10483000704700000000000070470000000000000A
:1048400070470000000000007047000000000000FA
:1048500070470000000000007047000000000000EA
:1048600070470000000000002DE9F04F82B00D6895
:10487000002D00F0CB8000F1264242F2004302F10D
:10488000FF72C5F602030A2698424FEAB22444F2A8
:10489000F44E08BF0926082C40F2040C38BF4FEA3A
:1048A000B226C5F6020EC5F6000C009600220027BF
:1048B000002609E001360D6835FA06F307F1040712
:1048C00002F1020200F0A280012303FA06F415EAC5
:1048D0000408EFD0D1F804A003230AF0030B93409F
:1048E000ABF101056FEA0309012D0FD88368CD688C
:1048F00003EA090395402B438360CAF3001543681C
:10490000A34305FA06F42343436005E0BBF1030F1C
:1049100002D14FF0030B21E0C3688C6803EA09035E
:104920009440BBF1020F43EA0403C36016D16FF059
:10493000030307F01C0503EA56030F24034404FA9B
:1049400005FBD3F820A00C692AEA0B0AAC4044EA24
:104950000A041C62D1F804A00AF0030B03680BFAE6
:1049600002F403EA09031AF4403F43EA0403036034
:10497000A0D0DEF8003040F2084A43F00203CEF83F
:104980000030DEF80030C5F6000A03F002030193A0
:1049900026F00303019C07F00C040F2553F80A903E
:1049A000A54029EA0509009D05FA04F444EA090432
:1049B00043F80A404FF0B04ADAF800904C6849EAF0
:1049C0000805E30258BF29EA0805A302CAF8005007
:1049D000DCF8009049EA080558BF29EA0805A30356
:1049E000CCF80050DCF8809049EA080558BF29EA65
:1049F0000805E403CCF88050DCF87C3043EA080575
:104A000058BF23EA0805CCF87C5053E702B0BDE854
:104A1000F08F000000000000002A08BF0904816137
:104A200070470000000000004CF6C040C2F2014098
:104A3000006870470000000040F2A0004CF6C04142
:104A4000C2F20040C2F2014100780A6810440860D6
:104A5000704700000000000080B5032000F02CF932
:104A600002F0D2FA44F2184147F2B003C5F602014F
:104A7000C0F601030A68096801F00F01C2F30322BE
:104A8000595C9A5C01F01F0102F01F02D04040F215
:104A9000AC02C2F2004220FA01F1116040F2A8011A
:104AA000C2F2004108600F2000F00AF800281CBF85
:104AB000012080BD00F0A4F8002080BD00000000AF
:104AC000B0B58AB00F2840D804461C2000222146E9
:104AD000002500F0C1F81C2000F0AAF840F2A40064
:104AE000C2F20040046044F2E840C5F602000168EA
:104AF00041F001010160006801A900F0010002908D
:104B0000029802A802F0CCF9079C002C18BF0124DF
:104B100002F01AFA4DF68361A040C4F21B314FF047
:104B2000FF32A0FB010143F60C00C2F200404FF03F
:104B30008043036002EB9141C0E9011540F2E73187
:104B4000C0E9031503F008FB10B101200AB0B0BDA5
:104B500043F60C00C2F2004003F06EFB0AB0B0BD99
:104B600010B54EF6A05E4178CEF2000E90F800C06F
:104B70004EF8081CDEF8001021F00101CEF80010FC
:104B800041684EF8041C017BC37A827A447B1B0681
:104B900043EA0171837B41EAC241C27B41EA84411D
:104BA000447A41EA4341007A41EA024141EA042160
:104BB00041EA400040EA0C00CEF8000010BD0000C1
:104BC0004EF62450CEF20000BFF35F8F016821F44F
:104BD0008031016000210167704700000000000083
:104BE0004EF6245140F00100CEF20001086708683B
:104BF00040F480300860BFF34F8FBFF36F8F704772
:104C000081B044F2F4400022C5F60200016841F090
:104C10000201016000680F2100F0020000906FF0B7
:104C20000100009B01B000F017B800000000000078
:104C3000002848BF704781B200F01F0001224909D7
:104C400002FA00F04EF20012CEF2000242F8210009
:104C5000704700000000000070B54EF60C5C4FF08D
:104C6000FF36CEF2000C00F1604505F56445DCF836
:104C70000030C3F3022E8EF00703042B28BF042359
:104C8000BEF1030406FA03F321EA030100F00F0367
:104C900038BF0024043B0028634406FA04F048BFF0
:104CA00003F10C05A14022EA00000843000128702E
:104CB00070BD0000000000004EF60C514FF6FF03DF
:104CC000CEF200010A681A4060F30A2242F08060C6
:104CD00040F0FD70086070470EF00AFC0000000014
:104CE00001680122C0F8D824002280F8CC24886909
:104CF00040F000608861486D40F08052002042F032
:104D000003024A6570470000704700000000000081
:104D100002680020516270472DE9F04F81B0D0F851
:104D20000080D8F8240099B1D8F82830B1F1010EEC
:104D300000EB134375D0AEF101000EF00307C0B2D3
:104D400003280DD201214FF0000A002F50D168E056
:104D500040EA0240C8F82800002001B0BDE8F08F0A
:104D600008F1F4050021009741F0010408F5827C68
:104D700055F8100FE4B241F00207FFB203EB104BFD
:104D80005CF8244041F00303D8B25CF827600B1DA7
:104D90000EF0FC095FFA83FA0BEB1444CA4504EBEE
:104DA00016445CF820001ED0194643F00103DBB224
:104DB00004EB104A41F0020455F8106FE4B241F0E0
:104DC0000307FFB25CF823000B1D0AEB16465FFADF
:104DD00083FA5CF8244006EB1046CA455CF82700CD
:104DE00006EB1444E0D104EB10430531009FC7B13A
:104DF00008EB8A00012FD0F8040103EB104310D018
:104E0000C8B2022F08EB8000D0F8040103EB104376
:104E100007D0481CC0B208EB8000D0F8040103EBB7
:104E2000104308EB8E0043EA0241C0F80411002051
:104E300001B0BDE8F08F0000D0F8E0040CF0F4B948
:104E400001EBC10200EB8202D0F8E004126A0CF020
:104E50004FB900000000000001EBC10200EB82022C
:104E6000D0F8E004D2F860220CF0A2B900000000F3
:104E7000D0F8E0040CF0DCB910B54AB2044601F0F9
:104E80000F00B2F1FF3F00EBC00104EB81020BDD2C
:104E900002F51571002382F8553294F894240870B5
:104EA000012A0AD1022010BD02F114010123537519
:104EB00094F894240870012AF4D0012084F8940412
:104EC00020680CF0D9FF002084F8940410BD000085
:104ED000B0B50279044601F00F00904202D90120DA
:104EE000B0BD00BF49B2B1F1FF3F09DD00EBC00129
:104EF000002304EB810202F5157182F8553207E0B8
:104F000000EBC001012304EB810202F1140153758F
:104F100094F8942400258D70012A087002D1022093
:104F2000B0BD00BF012084F8940420680DF09CFA05
:104F3000284684F89454B0BD01F00F0101EBC10183
:104F400000EB8100D0F8680270470000000000000C
:104F500070B54CB2064601F00F00B4F1FF3F00EB14
:104F6000C00107DD06EB8104002504F5157184F806
:104F7000555206E006EB810C01240CF114018CF86B
:104F800015404D7808706FF3DF228A60002D0B7199
:104F900018BF4883022B01D10020487196F8940471
:104FA000012801D1022070BD012086F894043068E8
:104FB0000CF0F2FD002086F8940470BD00000000A3
:104FC00080B501F00F0E0EEBCE0100EB810C00213D
:104FD000CCE998238379CCF868128CF855120CF53B
:104FE0001571012B8CF854E208BFCCF870220068D0
:104FF0001A460DF085FA002080BD00000000000078
:10500000B0B50446007901F00F05854202D90120B0
:10501000B0BD00BF48B2B0F1FF3F09DD01EBC100F8
:10502000002204EB800000F5157180F8552207E09E
:1050300005EBC500012204EB800000F1140142756C
:1050400094F8942401208870012A0D7002D1022066
:10505000B0BD00BF84F8940420680DF031FA1DB192
:10506000002084F89404B0BDA179206804F29C4229
:105070000DF0CAF9002084F89404B0BD00000000CF
:1050800010B501F00F0C01240CEBCC0100EB810EEC
:10509000714601F814CF4FF0000CC1F814C090F81D
:1050A00006C04C70CA60BCF1010F0B6108BFCEF89E
:1050B0003020006862460DF023FA002010BD000089
:1050C0002DE9F04F89B00568824628460DF030FC86
:1050D00010B109B0BDE8F08FDAF800000DF058FC0F
:1050E0000028F6D0D5F80808C0F30D20CAF8D4047B
:1050F000DAF800000DF04CFC8007DAF8000003D568
:10510000416901F00201416105F5006104910DF072
:105110003FFCC006DAF8000005953BD5816921F017
:10512000100181612C6A04F00F05C4F34340062886
:1051300018D0022827D147F6F07014EA000622D0D2
:1051400005EBC50034090AEB800705982246D7F81D
:1051500060120DF021FCD7F8600200EB1610C7F8C2
:10516000600207E00AF29C41082205980DF014FC49
:10517000C4F30A1405EBC5000AEB8000D0F86812EE
:105180002144C0F86812DAF80000816941F010018A
:105190008161059D0DF0FCFB0003CDF820A040F1DE
:1051A0000381DAF800000DF0CFFB002800F0FC804E
:1051B00006460AF51D784FF430644FF0000B0AF2F2
:1051C0009C40079009E000BF0BF1010B760804F149
:1051D000200408F1240800F0E780F007F4D05FFA1B
:1051E0008BF9DAF8000049460DF0CAFB8246C00789
:1051F0006DD0281901218160089F38682118036C3F
:105200008A68BF79012F29D117073BD497065BD451
:1052100012F0280F059D5AD143F20B07C4F65477BC
:10522000BB4202D312F400424AD1D8F800200969E7
:105230006FF3DF41BBF1000FA2EB0101059D48F8C0
:105240000C1C19D1089BD3F86422002A00F0A68018
:10525000D3F860020844C3F860020DE043F20B0784
:10526000C4F65477FF37BB421AD1100428D49006F5
:10527000059D01D52020886008984946FFF7ECFD80
:1052800025E000BF43F20B00059DC4F65470834235
:105290001DD312F400401AD04FF40040886016E08D
:1052A000BBF1000F07D10899D1F8641219B9002198
:1052B000079A0DF0A9F808984946FFF7CDFD05E0DB
:1052C0004FF4004001E000BF20208860059D5FEAA8
:1052D0000A7025D528190821816043F20B0108982E
:1052E000C4F654714F1E0068056C2044BD428168AD
:1052F00005D911F400411CBF4FF4004181600898AA
:1053000000F08AFDBD42059D0AD9089880790128E0
:1053100006D108980121079A00680DF075F800BFC2
:105320005FEACA600CD45FEA8A700FD45FEA8A60D1
:1053300025D45FEA8A40DDF820A07FF545AF27E05D
:105340002819102181605FEA8A70EFD5686900062C
:1053500004D50499486840F48060486018F81D0C32
:10536000012806D1002008F81D0C0898494600F0D5
:105370009BFB2819022181605FEA8A60D9D5281930
:10538000202181605FEA8A40DDF820A07FF51CAF14
:1053900028194FF40051816016E700BF0121079AD8
:1053A0000DF032F868E700BFDAF80000AB460DF008
:1053B000EFFA400340F1E080DAF800000DF0BCFAAB
:1053C000002800F0D980064600270BF510600390F6
:1053D0000AF29C40029004E0760807F1010700F011
:1053E000CB80F007F8D0F9B2DAF8000007910DF0A1
:1053F000B3FA0446C007039D0AD1200734D4E0065F
:1054000038D460063CD4A00740D42006E4D556E04A
:10541000049B07F00F004FF0010C05EB47120CFA4C
:1054200000F0596B21EA00005863C2F808C09AF8EE
:105430000600012812D107EBC7000AEB8000D0E973
:105440000712114401624FB9DAF8240030B9DAF8D2
:1054500000000121029A0CF0D7FF00BF50460799C7
:10546000FFF7EEFC2007CAD505EB47100821816045
:10547000E006C6D505EB4710102181606006C2D555
:1054800005EB471040218160A007BED5584639463C
:105490000DF0DEF907EBC7000AEB800010F8171FCC
:1054A000012905D1002101705046079900F0F8FA52
:1054B00005EB47100221816020067FF58DAF07EBD9
:1054C000C7000AEB8002914659F8241FC84658F8D5
:1054D000040F8142FFF480AF9346DAF800400B1AC4
:1054E0005BF81C5FAB4238BF1D4604EB47130694C4
:1054F00005F1030CD3F81859ADB2B5EB9C0F29D3C5
:1055000003F5106A02F12005D9F8001081421FD975
:10551000081A0899DBF80040A0428A7938BF04468F
:1055200029680092A3B2DDE906020DF0E5FC2868C7
:10553000E11C20442860D8F800002044C8F800008E
:10554000DAF8182092B2B2EB910FDDD2D9F8001040
:10555000DDF820A0DDF814B081423FF63DAF069A99
:1055600007F00F00012101FA00F0D2F8341821EA07
:105570000000C2F834082FE7DAF800000DF008FA4E
:1055800000281DD4DAF800000DF002FA000536D428
:10559000DAF800000DF0FCF9000141D4DAF800005F
:1055A0000DF0F6F9C0044DD4DAF80000DDF81080F3
:1055B0000DF0EEF98004DAF8000000F1688181E175
:1055C0000499486820F0010048609AF8CC0401284A
:1055D00008D100208AF8CC0400215046FFF794FB44
:1055E00003E000BF504600F0FBFBDAF80000416921
:1055F00001F0004141610DF0CBF90005C8D50498D8
:105600008068C00702D0504600F02EFCDAF8000097
:10561000416901F4006141610DF0BAF90001BDD5A5
:10562000DAF80000416901F0006141619AF8CC1498
:1056300011B3504600F018FCDAF800000DF0A8F99C
:10564000C004B1D50499486820F001004860DAF838
:10565000000010210DF0FCF89AF80400010600F09B
:10566000DB804FF0FF3100F0030C51FA80F1032989
:1056700016D2002182E000BF01218AF8CC14406DCF
:105680000121C0F38300CAF8D0045046FFF73CFB69
:10569000DAF800000DF07CF9C0047FF585AFD1E7A2
:1056A000C0B24FF6A05800F0FC0E4FF6C0554FF6B2
:1056B000E0544FF600600BF5366300214FF67F375C
:1056C000CFF6FF78CFF6FF75CFF6FF74CFF6FF70F9
:1056D000A3F51872A3F51076043197608E4553F840
:1056E000082022F4001243F8082043F8587C53F8AD
:1056F000602C22F4001243F8602C53F8602C42F026
:10570000006243F8602CB760A3F508765A5922F47A
:1057100000125A5143F8387C53F8402C22F40012FE
:1057200043F8402C53F8402C42F0006243F8402CE0
:10573000B760A3F500761A5922F400121A5143F803
:10574000187C53F8202C22F4001243F8202C53F834
:10575000202C42F0006243F8202CB7601A5822F443
:1057600000121A509F601A6822F400121A601A6818
:1057700042F000621A6003F18003A9D1BCF1000F6E
:10578000059849D000F5106200F5306002EB411732
:105790004FF67F334E01BCF1010FBB6000EB4115AA
:1057A000975927F400179751AB60875927F40017D2
:1057B0008751875947F0006787512DD04F1CBCF1A6
:1057C000020F4FEA471502EB471600EB4717B3608D
:1057D000565926F400165651BB60435923F4001362
:1057E0004351435943F00063435115D002314FF602
:1057F0007F364F0102EB411300EB41119E60D359FC
:1058000023F40013D3518E60C15921F40011C1510A
:10581000C15941F00061C151DDF81080D8F81C0079
:1058200040F00110C8F81C009AF80F0040B1D8F8F9
:10583000840040F00B00C8F8840008F1440008E040
:10584000D8F8140042F22B010843C8F8140008F1FC
:10585000100001680AF29C4241F00B010160D8F887
:10586000000020F4FE60C8F800009AF80610DAF88C
:1058700000000CF0C9FDDAF80000416901F4805124
:1058800041610DF085F88004DAF800001AD50CF0BB
:10589000CBF9DAF800000DF03BF88AF80700DAF8E7
:1058A000004001F029FB9AF80720014620460DF040
:1058B00093FA504600F07CFADAF80000416901F4EE
:1058C000005141610DF064F8000707D4DAF80000D8
:1058D0000DF05EF800060ED436E000BF504600F032
:1058E00083FADAF80000416901F0080141610DF026
:1058F0004FF8000628D50599886920F08000886156
:105900009AF8040002281FD3012440F27B2503E00B
:1059100001342435844217D21AF805100129F7D131
:1059200004F00F00220600EBC0000AEB800000F13B
:10593000140158BF00F51571DAF800000CF0F8FEFC
:105940009AF80400E4E700BFDAF800000DF020F850
:10595000C0024FD4DAF800000DF01AF88002059D5D
:1059600040F17E809AF80410022929D305F53260AF
:1059700001390AF51F72012306E000BF013900F169
:10598000200002F124021BD007681678012EF5D101
:10599000B7F1FF3FF2DCDAF8D46486EA1747FF0775
:1059A000ECD102F8013CAF6947F08007AF616F6945
:1059B0003F06E3D4D8F8040040F40070C8F80400AF
:1059C000DAF80000416901F4001141610CF0E0FFD8
:1059D00040004BD55046FFF72FFADAF80000416936
:1059E00001F0804141610CF0D3FF400745D4FFF73F
:1059F00070BB00BF9AF80400022825D305990AF16C
:105A00003C0501F512640126012705E00137203429
:105A1000874205F1240517D221682A78012AF5D199
:105A2000B1F1FF3FF2DC07F00F0005F8016C00EB6D
:105A3000C0000AEB800000F11401DAF800000CF05D
:105A400077FE9AF80400E1E7DAF80000416901F412
:105A5000801141610CF09CFF8002059D3FF582AFF3
:105A6000DAF800000CF094FF4000B3D4DAF800003C
:105A70000CF08EFF40077FF52CABDAF8000044688D
:105A8000610704D55046FFF7F3F9DAF800004168E2
:105A90002143416009B0BDE8F08F00000000000024
:105AA000D0F8E0040BF024BCD0F8E0040BF034BCD8
:105AB000F0B581B0002800F02881044690F89504E4
:105AC00028B9002084F89404204600F035F903201A
:105AD00084F8950420680CF08FFCD4E90001267C42
:105AE000D4E9022300960CF0AFF8002840F00A81B8
:105AF000206800210CF0A8FF002840F003812179E4
:105B0000002900F0F680A1F1010C01F0030EBCF1B8
:105B1000030F4FF0000345D301F0FC0204F19A009B
:105B20000126002500F8865C6F1C20F86C5C00F8EC
:105B3000627C20F8487CAF1C00F83E7C20F8247C76
:105B4000EF1C043500F8856C00F8823C954240F863
:105B50007E3C40F87A3C40F8763C00F8616C00F8F6
:105B60005E3C40F85A3C40F8563C40F8523C00F845
:105B70003D6C00F83A3C40F8363C40F8323C40F886
:105B80002E3C00F8196C00F81A7C078000F8163CCF
:105B900040F8123C40F80E3C40F80A3C00F19000FE
:105BA000C0D12B46BEF1000F2DD003EBC300012264
:105BB000BEF1010F04EB80054FF000006A752B75F4
:105BC000EB852876C5E9070068621CD05D1CBEF134
:105BD000020F05EBC50604EB860672753575F58573
:105BE0003076C6E9070070620DD0981C012300EBE7
:105BF000C00204EB820253751075D0850020107628
:105C0000C2E907005062002973D0BCF1030F4FF0C6
:105C1000000236D301F0FC0004F53471002300BF0C
:105C200001F87C3C5F1C01F8587C9F1C01F8347C17
:105C3000DF1C043301F87B2C834201F8782C41E906
:105C40001D2241F86C2C01F8572C01F8542C41E925
:105C5000142241F8482C01F8332C01F8302C41E98A
:105C60000B2241F8242C01F80F2C01F8107C01F8CC
:105C70000C2C41F8082C41F8042C41F8902BCFD182
:105C80001A46BEF1000F34D002EBC200BEF1010F84
:105C900004EB80014FF0000081F8550281F8542296
:105CA00081F85802C1E99700C1F8640221D0511C63
:105CB000BEF1020F01EBC10304EB830383F855022D
:105CC00083F8541283F85802C3E99700C3F86402BA
:105CD0000FD0901C002200EBC00104EB810181F881
:105CE000552281F8540281F85822C1E99722C1F85F
:105CF0006422D4E90001277CD4E9022300970CF048
:105D00001FF928B1022084F89504012001B0F0BDEC
:105D100000206074012084F89504207B012802D1C2
:105D20002046FEF7DDFF20680CF0FAF8002001B0F5
:105D3000F0BD00000000000010B5B0B002A904469C
:105D400001F10800B021FAF7C0FC00212068C4F27C
:105D50000401884202D030B010BD00BF0020039083
:105D60004FF4802002904FF44010239002A800F0DE
:105D70000FFA08B1FBF778FD00F0BAF844F2D8400A
:105D80000022C5F60200016841F000710160006860
:105D9000052100F00070019001984D20FEF75CFF96
:105DA0004D20FEF745FF30B010BD000000000000A0
:105DB00010B50446C07918B1022803D1012104E0CE
:105DC000002102E0FBF750FD0121D4F8E0040BF0C4
:105DD0002FFBD4F8E004BDE810400BF0D9BA000066
:105DE000D0F8E0040BF008BBD0F8E0040BF010BBD7
:105DF00010B5044690F89404012801D1022010BD8A
:105E0000012084F89404617420680CF0D1FF002014
:105E100084F8940410BD0000D0F8E02400F29C4106
:105E200010460BF01DBB000010B5044690F894041A
:105E3000012801D1022010BD2068012184F89414AA
:105E4000C168490606D5617B012903D1816B41F404
:105E5000803181630CF0F4FC20680CF051F80020D4
:105E600084F8940410BD000010B50446D0F8E00496
:105E70000BF052FB2068D0F8001E41F00101C0F881
:105E8000001EE07A002808BF10BD4EF61050CEF27A
:105E90000000016841F00601016010BD0000000033
:105EA000B0B544F60C05C5F602052968490729680E
:105EB00006D401F00701081A18BF0120B0BD00BFC9
:105EC00021F0070108432860FEF7AEFD044600BF3D
:105ED00055F8080C800407D4FEF7A6FD001BB0F5AA
:105EE0007A7FF5D90120B0BD0020B0BD00000000D0
:105EF00044F60C00C5F60200016841F080710160B3
:105F0000704700000000000080B500F0F5FF44F28B
:105F1000204147F2B002C5F60201C0F6010209684D
:105F2000C1F30211515C01F01F01C84080BD0000A7
:105F300080B544F2384EC5F6020E5EF8103C5EF8AD
:105F4000101C5EF80C2CC1F3053CDEF80410BCF10B
:105F5000000F15D0C908D20601EAE2716FF35F3174
:105F600000EE101A03F003010229B8EE400A0DD02A
:105F700081B95EF8381C890610D49FED361A1BE0F3
:105F800000218160C0E9001180BD00BF9FED301A83
:105F900012E000BF9FED2D1A0EE000BF5EF8381C26
:105FA00049F20002C0F2D032C1F3C10122FA01F17C
:105FB00001EE101AB8EE411ADEF800109FED263AF5
:105FC0006FF35F2102EE101ADEF80010C1F34621D4
:105FD000B8EE422A00EE032A00EE10CAB7EE003AED
:105FE000B8EE400A81EE000A32EE031A02EE101AF1
:105FF000B8EE422A20EE010A32EE031A80EE011AB0
:10600000BCEEC11A80ED001ADEF80010C1F30641A3
:1060100001EE101AB8EE411A31EE031A80EE011AA1
:10602000BCEEC11A80ED011ADEF80010C1F3066162
:1060300001EE101AB8EE411A31EE031A80EE010A91
:10604000BCEEC00A10EE101A816080BD0024744AB4
:10605000001BB74B0024744C000000390000000006
:1060600080B544F2404EC5F6020E5EF8183C5EF86C
:10607000181C5EF8142CC1F3055CDEF80410BCF1AA
:10608000000F15D0C908D20501EAE2716FF35F3144
:1060900000EE101A03F003010229B8EE400A0DD0F9
:1060A00081B95EF8401C890610D49FED361A1BE0BA
:1060B00000218160C0E9001180BD00BF9FED301A52
:1060C00012E000BF9FED2D1A0EE000BF5EF8401CED
:1060D00049F20002C0F2D032C1F3C10122FA01F14B
:1060E00001EE101AB8EE411ADEF800109FED263AC4
:1060F0006FF35F2102EE101ADEF80010C1F34621A3
:10610000B8EE422A00EE032A00EE10CAB7EE003ABB
:10611000B8EE400A81EE000A32EE031A02EE101ABF
:10612000B8EE422A20EE010A32EE031A80EE011A7E
:10613000BCEEC11A80ED001ADEF80010C1F3064172
:1061400001EE101AB8EE411A31EE031A80EE011A70
:10615000BCEEC11A80ED011ADEF80010C1F3066131
:1061600001EE101AB8EE411A31EE031A80EE010A60
:10617000BCEEC00A10EE101A816080BD0024744A83
:10618000001BB74B0024744C0000003900000000D5
:106190002DE9F0470446C07844F22C480007C5F6C4
:1061A000020833D5606E4FEA305103290CD8DFE87E
:1061B00001F003111D2600BFD8F8001041F4003192
:1061C000C8F800101BE000BF01266078C0070BD0A4
:1061D00020E000BF04F10800022107F0D5FA0646CE
:1061E00060B16078C00715D1354646E004F128005B
:1061F000022107F05DFB06460028F2D1606ED8F858
:10620000241021F440110843C8F8240000266078C7
:10621000C007E9D0A06D04280ED83546DFE800F0AD
:106220000412181E1E0000BFD8F80000354640F4C6
:106230000030C8F8000011E0012501276078400710
:106240001FD453E004F10800002107F09DFA04E098
:1062500004F12800002107F02BFB05462F461DB155
:10626000607840070DD441E0D8F82400A16D20F0FB
:10627000070000250843C8F8240037466078400727
:1062800034D5D4F8A4004FEA705005280CD8DFE8C4
:1062900000F00311171D1D1DD8F8000040F4003058
:1062A000C8F8000012E000BF012501266078000751
:1062B00020D455E004F10800002107F065FA04E05D
:1062C00004F12800002107F0F3FA05462E461DB11F
:1062D000607800070ED443E0D8F82C00D4F8A4105E
:1062E00020F4600000250843C8F82C003E46607882
:1062F000000735D5D4F8A8004FEA306005280DD83E
:10630000DFE800F00412181E1E1E00BFD8F80000BF
:1063100040F40030C8F8000012E000BF012501275A
:10632000E078800720D44EE004F10800002107F057
:106330002BFA04E004F12800002107F0B9FA054621
:106340002F461DB1E07880070ED43CE0D8F82C0031
:10635000D4F8A81020F0E06000250843C8F82C000D
:106360003746E07880072ED5E06C4FEA30100328DE
:106370000ED8DFE800F00903130900BFD8F80000C9
:1063800040F40030C8F800002E467DB912E000BF8E
:10639000012501266078C00619D44CE004F10800FC
:1063A000022107F0F1F905462E461DB16078C006BE
:1063B0000DD440E0D8F82000E16C20F0300000253A
:1063C0000843C8F820003E466078C00633D5E06D2B
:1063D0004FEA303004280DD8DFE800F00412181E10
:1063E0001E0000BFD8F8000040F40030C8F80000DC
:1063F00012E000BF01250127607880061FD44EE01F
:1064000004F10800002107F0BFF904E004F12800BE
:10641000002107F04DFA05462F461DB16078800631
:106420000DD43CE0D8F82400E16D20F4E0400025D4
:106430000843C8F824003746607880062FD5206EC0
:106440004FEA3040052809D8DFE800F0040E1404B4
:10645000040400BF2E46ADB918E000BF0125012697
:10646000607840061FD44FE004F10800012107F0D6
:106470008BF904E004F12800012107F019FA054620
:106480002E461DB1607840060DD43DE0D8F82400BA
:10649000216E20F4E02000250843C8F824003E4681
:1064A0006078400630D5D4F8AC004FEA307005284B
:1064B00008D8DFE800F0030D130303032F46ADB93E
:1064C00018E000BF012501276078000620D442E0D3
:1064D00004F10800012107F057F904E004F1280055
:1064E000012107F0E5F905462F461DB16078000649
:1064F0000ED430E0D8F82C00D4F8AC1020F0E040F6
:1065000000250843C8F82C0037466078000622D5DD
:10651000E06E58B1B0F1005F0CD0B0F1805F2FD1C8
:10652000D8F8000040F40030C8F800002E469DB9AD
:1065300008E000BF04F10800012107F025F9054635
:106540002E464DB9D8F82400E16E20F040500025C9
:106550000843C8F824003E46E078C00733D0A06C5A
:10656000032813D8DFE800F008021A08D8F8000062
:1065700040F40030C8F80000A946BDB91AE000BFD9
:1065800001250126E078C007E9D11CE001254FF084
:106590000109A07840061AD51CE000BF04F10800EC
:1065A000022107F0F1F80546A9461DB1A078400682
:1065B0000DD50FE0D8F82000A16C20F003000025D5
:1065C0000843C8F82000B146A078400602D44F46E0
:1065D00018E000BFD8F8D40340F48070C8F8D403A2
:1065E000FEF722FA064600BFD8F8D403C00507D448
:1065F000FEF71AFA801B6428F6D90325032701E069
:106600002F468DB12078C00761D0A06F4FEAF0000F
:1066100005283BD8DFE800F004404604040400BF2E
:10662000002D2E4646D149E0D8F84410D4F8B000E9
:10663000414011F4407F11D0D8F84410D8F84420DC
:1066400042F48032C8F84420D8F8442021F4407144
:1066500022F48032C8F84420C8F84410B0F5807F96
:1066600040F0CE82FEF7E0F9064641F2883A032573
:10667000032700BFD8F84400800700F1BF82FEF76F
:10668000D3F9801B5045F5D9BCE700BF0125012691
:10669000207880071FD44CE004F10800012107F0A6
:1066A00073F804E004F12800012107F001F9054620
:1066B0002E461DB1207880070DD43AE0D8F8280086
:1066C000A16F20F0380000250843C8F828003E4696
:1066D000207880072DD5606F052809D8DFE800F005
:1066E000040E1404040400BF2F46ADB918E000BF27
:1066F00001250127207840071FD44DE004F1080050
:10670000012107F041F804E004F12800012107F01D
:10671000CFF805462F461DB1207840070DD43BE049
:10672000D8F82800616F20F0070000250843C8F85A
:1067300028003746207840072ED5D4F89000052849
:1067400008D8DFE800F0030D130303032E46ADB9AC
:1067500018E000BF012601252078800620D451E0F2
:1067600004F10800012107F00FF804E004F128000B
:10677000012107F09DF805462E461DB120788006C0
:106780000ED43FE0D8F82C00D4F8901020F0070089
:1067900000250843C8F82C003E462078800631D5F5
:1067A000D4F88C004FEA3070052809D8DFE800F0F3
:1067B000040E1404040400BF2F46ADB918E000BF56
:1067C000012701252078400620D451E004F108007B
:1067D000002106F0D9FF04E004F12800022107F0AF
:1067E00067F805462F461DB1207840060ED43FE0DD
:1067F000D8F82800D4F88C1020F0E0400025084399
:10680000C8F8280037462078400631D5D4F89800DB
:106810004FEAB020052809D8DFE800F0040E140480
:10682000040400BF2E46ADB918E000BF01260125C3
:106830002078000620D454E004F10800002106F07E
:10684000A3FF04E004F12800022107F031F8054617
:106850002E461DB1207800060ED442E0D8F82C0058
:10686000D4F8981020F4E05000250843C8F82C0014
:106870003E462078000634D5D4F89C004FEA7030AC
:1068800005280FD8DFE800F004141A04040400BF40
:106890002F46E5B12068010727D4C1063ED4000386
:1068A00055D475E00127012520680107F5D51CE0C6
:1068B00004F10800002106F067FF04E004F128005D
:1068C000022106F0F5FF0546002D2F46E2D1D8F84B
:1068D0002C00D4F89C1020F4604000250843C8F830
:1068E0002C00374620680107D7D5D4F88000B0F5D2
:1068F000805F09D104F12800022106F0D9FF0028A9
:1069000018BF0127D4F88000D8F8281021F440518E
:106910000843C8F828002068C106C0D5D4F8940000
:10692000B0F5807F09D104F12800022106F0C0FFF4
:10693000002818BF0127D4F89400D8F82C1021F4AF
:1069400040710843C8F82C002068000320D5D4F813
:10695000A000B0F5003F0FD0B0F5803F06D078BB67
:1069600004F10800002106F00FFF04E004F1280004
:10697000022106F09DFF05462E4655B9D8F82C0099
:10698000D4F8A01020F4403000250843C8F82C00AB
:106990003E46A07840072BD5D4F88400B0F5401FC0
:1069A0000BD0B0F5001F11D0B0F5801F2AD1D8F858
:1069B000000040F40030C8F800002F46CDB90DE0CB
:1069C00001260125A0784007E6D411E004F1280053
:1069D000012106F06DFF05462F4655B9D8F828006D
:1069E000D4F8841020F4401000250843C8F828008B
:1069F0003746A078C0070AD13E462168880016D5E0
:106A000033E000BF01270125A078C007F4D0206D36
:106A1000B0F5803F10D018BBD8F8000040F400302B
:106A2000C8F800002E4685B1216888001DD4606832
:106A30008A0326D465E000BF04F10800022106F0B5
:106A4000A3FE0546002D2E46EED1D8F82000216D7C
:106A500020F4803000250843C8F82000CCE700BFB0
:106A60000126012521688800E1D504F128000221D2
:106A700006F01EFF002818BF0126D4E900108A0383
:106A80003FD5E26F6FF0010303EB3223022B0BD3F0
:106A90004FEA322343B1012B40F0AA80D8F80030EE
:106AA00043F40033C8F8003025B3CA022CD48A025C
:106AB00034D44A003CD4CA0F49D1090251D4C10789
:106AC0005AD1810763D441076CD4010776D4C1063B
:106AD00000F18080800607D504F12800022106F02D
:106AE000E7FE002818BF0125002D18BF0125284604
:106AF000BDE8F087D8F8283023F440731A43C8F86B
:106B000028203546CA02D2D5D8F82420236F22F097
:106B100000421A43C8F824208A02CAD5D8F8242093
:106B2000A36E22F080721A43C8F824204A00C2D50E
:106B300058F81C2C22F4004248F81C2CD4F8B4203D
:106B400058F81C3C1A4348F81C2CCA0FB5D0D8F88A
:106B50002020636D22F040521A43C8F82020090219
:106B6000ADD5D8F82810D4F8882021F4400111437D
:106B7000C8F82810C107A4D004F10800002106F0CD
:106B800003FE002818BF0546606881079BD504F105
:106B90000800012106F0F8FD002818BF05466068CE
:106BA000410792D504F10800022106F0EDFD00280E
:106BB00018BF0546606801077FF589AF04F128001A
:106BC000002106F075FE002818BF05466068C10662
:106BD0007FF580AF04F12800012106F069FE00284E
:106BE00018BF0546606880067FF57EAF74E700BF7A
:106BF0000125CA027FF55BAF86E700BFD4F8B0007D
:106C00004FF6CF7358F81C2CC0F2FF0300F440710C
:106C100022F47C5203EA10136FF31F30B1F5407F6A
:106C200008BF1A43002548F81C2CD8F84410084324
:106C3000C8F84400FFF7CBBC2DE9F04381B0002831
:106C400000F02A8142F200080446C5F20028894675
:106C5000D8F8000000F00F0088420ED2D8F80000EB
:106C600020F00F0040EA0900C8F80000D8F8000042
:106C700000F00F00484540F00F81206844F21847AB
:106C80004107C5F602070AD521693A6802F0700289
:106C9000914204D93A6822F0700211433960010729
:106CA0000AD561697A6802F07002914204D97A6863
:106CB00022F0700211437960C1060AD5A1697A6891
:106CC00002F4E062914204D97A6822F4E06211434E
:106CD000796081060AD5E169BA6802F070029142D2
:106CE00004D9BA6822F070021143B96010F00201B1
:106CF0000AD0E2683B6803F00F039A4204D93B686C
:106D000023F00F031A433A60C20746D0386820F4D4
:106D10007061D4E90102012841EA0201396009D019
:106D200003280DD0022811D157F8181C890340F10F
:106D3000B38010E057F8181CC90540F1AD800AE097
:106D400057F8181C890140F1A78004E057F8181C77
:106D5000490740F1A18057F8081C21F007010843BA
:106D600047F8080CFDF760FE064641F2883500BF83
:106D700057F8080C616800F03800B0EBC10F09D07B
:106D8000FDF752FE801BA842F2D9032001B0BDE8F6
:106D9000F08300BF206800F0020151B1E1683A6859
:106DA00002F00F02914204D23A6822F00F0211431E
:106DB0003960D8F8001001F00F0149450DD9D8F815
:106DC000001021F00F0141EA0901C8F80010D8F8BD
:106DD000001001F00F0149455ED141070AD5216934
:106DE0003A6802F07002914204D23A6822F07002CE
:106DF0001143396001070AD561697A6802F07002AF
:106E0000914204D27A6822F0700211437960C1067F
:106E10000AD5A1697A6802F4E062914204D27A68E4
:106E200022F4E0621143796080060AD5E069B9680E
:106E300001F07001884204D2B96821F07001084362
:106E4000B86000F0E1F8396847F2B0033A68C0F67C
:106E50000103C1F3032102F00F02595C9A5C01F0B7
:106E60001F0120FA01F102F01F0040F2AC0221FAEA
:106E700000F0C2F20042106040F2A40040F2A8020A
:106E8000C2F20040C2F200420068116001B0BDE8E9
:106E9000F043FDF715BE00BF012001B0BDE8F0834F
:106EA0003F22026044F21842C5F6020252F8083C42
:106EB00003F007034360136803F47063836013688F
:106EC00003F00F03C360136803F07003036153689A
:106ED00003F070034361536803F4E06383619268D5
:106EE00002F07002C26142F20000C5F200200068A8
:106EF00000F00F000860704780B500F085F844F29C
:106F0000184147F2B003C5F60201C0F601030A6852
:106F1000096801F00F01C2F30322595C9A5C02F088
:106F20001F0220FA02F201F01F0040F2AC0122FA27
:106F300000F0C2F20041086040F2A801C2F2004134
:106F40000A6080BD0000000080B500F05DF844F2EA
:106F5000184C47F2B001C5F6020CC0F60101DCF88E
:106F60000020DCF8003003F00F03C2F30322CB5CF7
:106F70008A5C02F01F02D04003F01F0240F2AC0313
:106F800020FA02F2C2F200431A6040F2A803C2F2F1
:106F900000431860DCF80400C0F30210085C00F045
:106FA0001F0022FA00F080BD80B500F02DF844F2F9
:106FB000184C47F2B001C5F6020CC0F60101DCF82E
:106FC0000020DCF8003003F00F03C2F30322CB5C97
:106FD0008A5C02F01F02D04003F01F0240F2AC03B3
:106FE00020FA02F2C2F200431A6040F2A803C2F291
:106FF00000431860DCF80400C0F30220085C00F0D5
:107000001F0022FA00F080BD44F20041C5F60201E3
:107010000869C0F3C200032810D002282ED098BB04
:107020000868800649F20000C0F2D03058BF7047AF
:107030000968C1F3C101C840704700BF8A6A886A05
:10704000C0F3051CC86ABCF1000F4B6B22D000F0E6
:10705000010002F003024042022A00EAD3006FF36B
:107060005F3000EE100AB8EE400A15D0C2B90868C9
:10707000800619D49FED281A23E000BF43F2006078
:10708000C0F26E10704700BF40F60010C0F23D0025
:10709000704700BF002070479FED1E1A11E000BF2F
:1070A0009FED1B1A0DE000BF086849F20002C0F214
:1070B000D032C0F3C10022FA00F001EE100AB8EE9F
:1070C000411A086B9FED153A6FF35F2002EE100A2C
:1070D000086BC0F34620B8EE422A013000EE032AC6
:1070E00000EE10CAB7EE003AB8EE400A81EE000A90
:1070F00032EE031A20EE010A01EE100AB8EE411A30
:1071000080EE010ABCEEC00A10EE100A704700BF04
:107110000024744A001BB74B0024744C0000003953
:10712000F0B581B0002800F0D5800446007844F224
:107130000046C007C5F6020622D12078800768D530
:10714000306910F03801B06A42D0182908BF5FEAF0
:1071500080703DD0E0683168002800F0258121F082
:10716000190108433060FDF75FFC054630684007B1
:1071700048D4FDF759FC401B0228F7D977E100BF3E
:10718000306900F03801B06A102905D018290BD1F8
:1071900000F00300022807D130688003CDD5606875
:1071A0000028CAD196E000BF6068002800F0328154
:1071B000B0F5A02F00F04681B0F5803F00F0468189
:1071C000306820F480303060306820F4802040E166
:1071D00030684007E06801D500287BD0316821F095
:1071E000190108433060FDF71FFC05463068400771
:1071F00008D4FDF719FC401B02284FF00300F5D915
:1072000001B0F0BD7068216920F0FE4040EA0160E5
:1072100070602078C00619D5306900F03801B06A76
:10722000082906D0182940F0818000F003000128C9
:107230007CD13068C00502D5E06980284AD1F06869
:10724000216A20F07C5040EA0160F060207800075D
:1072500044D42078800655D42078400700F17E8001
:10726000656A9DB3306900F03800182840F0148139
:10727000012DB16A306B2DD001F00302A36A9A424E
:1072800028D1C1F30511E26A914223D10146226B54
:107290006FF35F21013A91421CD1C0F34622616B2A
:1072A00001398A4216D1C0F30642A16B01398A42E4
:1072B00010D1C0F30660E16B013988420AD1706BCE
:1072C000A16CC0F3CC00814240F09C81002001B051
:1072D000F0BD00BF012001B0F0BD00BF6069002813
:1072E000706F4FD040F001007067FDF79DFB0546C1
:1072F000706F8007ADD4FDF797FB401B0228F7D9CC
:10730000B5E000BFA0690028306871D040F480501B
:107310003060FDF789FB0546306880049CD4FDF79A
:1073200083FB401B0228F7D9A1E000BFE0690028D9
:10733000306800F09F8040F080003060FDF774FB03
:10734000054600BF3068C0053FF579AFFDF76CFB1F
:10735000401B02284FF00300F4D951E7D6F800048F
:1073600040F48070C6F80004FDF75EFB054600BFE0
:10737000D6F80004C00529D4FDF756FB401B64284D
:10738000F6D974E020F001007067FDF74DFB05466B
:10739000706F80077FF55DAFFDF746FB401B02284D
:1073A0004FF00300F4D92BE721F001003060FDF726
:1073B0003BFB0546306840077FF52BAFFDF734FBFC
:1073C000401B02284FF00300F4D919E7A0680028F9
:1073D00000F08480052800F09B80012800F09C804C
:1073E000306F20F001003067306F20F0040096E02D
:1073F00020F480503060FDF717FB054630688004AC
:107400007FF52AAFFDF710FB401B02284FF0030069
:10741000F4D9F5E6306820F480303060306820F42C
:1074200080203060FDF700FB054600BF3068800318
:107430007FF583AEFDF7F8FA401B64284FF0030098
:10744000F4D9DDE6306840F480203060306840F4E4
:1074500080303060FDF7E8FA054600BF30688003F1
:107460003FF56BAEFDF7E0FA401B6428F6D9032028
:1074700001B0F0BD20F080003060FDF7D5FA054680
:107480003068C0057FF5E2AEFDF7CEFA401B02285A
:107490004FF00300F4D9B3E6306820F0807030601C
:1074A000FDF7C2FA022D05460CD100BF30688001FD
:1074B00048D5FDF7B9FA401B02284FF00300F5D973
:1074C0009EE600BF306880017FF500AFFDF7ACFAA3
:1074D000401B02284FF00300F4D991E6306F20F0F2
:1074E00001003067306F20F004003067FDF79CFA30
:1074F000054641F28837306F80077FF5B1AEFDF762
:1075000093FA401BB8424FF00300F4D978E600BF6D
:10751000306F40F004003067306F40F0010030679A
:10752000FDF782FA054641F2883700BF306F8007C9
:107530003FF596AEFDF778FA401BB8424FF00300D6
:10754000F4D95DE604F12807B06A40F2F3318843CC
:107550008ECF0843591E40EA02104FF47E426FF36B
:107560005F21B06202EB47204FF4FE0280B2E36B72
:107570000844A16B02EB01414FF0FE4201F4FE0111
:1075800002EB0362084402F0FE4108443063F06AF3
:107590004FF6F87120F00100F062706BA26C884326
:1075A00040EAC2007063F06A216C20F00C000843CE
:1075B000F062F06A616C20F002000843F062F06A49
:1075C00040F48030F062F06A40F40030F062F06A1B
:1075D00040F48020F062F06A40F00100F062306810
:1075E00040F080703060FDF71FFA0446306880017B
:1075F0003FF56CAEFDF718FA001B02284FF00300B0
:10760000F4D9FDE5F06A20F00100F062FDF70CFA14
:107610000546FDF709FAA842FBD0706B4FF6F871EA
:10762000A26C884340EAC2007063F06A40F0010037
:10763000F062002001B0F0BDF0B581B0F8B10446B1
:10764000D0F888001E4615460F4628B9002084F859
:107650008400204602F050FC2420C4F888002068F2
:10766000A16A0268002922F00101016002D02046CF
:1076700007F076FF204608F0D3FA012802D1012056
:1076800001B0F0BD2068816841F48041816081686B
:1076900021F40041394381603104026841EA4551D7
:1076A0006FF3194211430160016841F0010101606B
:1076B000204601B0BDE8F04007F0C2BF0000000066
:1076C000704700000000000070B5044600680269C1
:1076D0004369816894F881501E050BD512F00806A5
:1076E00008D0816941F4006181612046BDE87040A5
:1076F00000F09EBA03EA020606F06402042A07D1EB
:10770000616F20468847216F2046BDE870400847DA
:1077100006F04502012A07D1216F2046884706F06E
:107720002600022804D070BD06F02602022A05D1E8
:10773000616F2046BDE87040084700BF320715D48E
:1077400016F4587FEFD016F040005FD1B0056AD430
:10775000F00506F0200076D4002840F08280D4F8AE
:107760008400002840F08D80DDE700BF21688A6931
:1077700042F008028A618A6942F010028A618A69CD
:1077800042F400628A610A6922F008020A6189688B
:1077900011F4404F23D0204606F0BEF9012084F8B2
:1077A0008100D4F88400002840F0A380032D00F06D
:1077B000A580042D00F0A880052DB4D12046BDE899
:1077C000704000F03DBC00BF2268616E126B41F852
:1077D000042B6166B4F86A100139A4F86A10B4F891
:1077E0006A100029D7D0E1681029EDD2082905D305
:1077F000028E616E21F8022BEBE700BF216891F841
:107800003010626E1170616E0131E2E72068D4F8C9
:10781000842042F00402C4F88420826942F04002CD
:107820008261B00594D52068D4F8842042F001022A
:10783000C4F88420826942F400728261F00506F087
:1078400020007FF589AF2268D4F8843043F0080324
:10785000C4F88430936943F48073936100283FF443
:107860007EAF2068D4F8842042F08002C4F88420DF
:10787000826942F020028261D4F8840000283FF43B
:1078800052AF206801F4404140F26B33B1F5404FF4
:10789000026822F001020260026922EA030101612A
:1078A00024D181684DF6E93521F440418160E06FD3
:1078B000C0F6000548B10565FAF706FD28B1D4F811
:1078C000840040F04000C4F88400A06F00283FF41A
:1078D0002AAF0565FAF7F8FC002808BF70BDD4F898
:1078E000840040F04000C4F8840070BD012084F89A
:1078F00081002046BDE87040FFF7E2BE2046BDE8AB
:10790000704000F099BB00BF2046BDE8704000F019
:107910008BB90000000000002DE9F04381B0002881
:107920005BD043F6000104460068C4F2000143F254
:10793000000E43F6004C8842C4F2010EC4F2000C63
:107940004FF00002A26203D0604518BF704541D1DC
:10795000E36B0125E268884202F1080205EB53134C
:107960004FEAD20202FB03F318BF704526D1102B59
:1079700033D894F8810028B9002084F8800020468C
:1079800000F0AAF8022084F88100D4E90009D4F8B4
:1079900018800368B8F1806F23F0010303608368E7
:1079A00003F4F81E26D1B9F1000F1BD0B9F5800FF2
:1079B00020D1A36BD3B14FF4800921E0604518BFFB
:1079C000082B0AD80CF57441884218BF6045CED008
:1079D000CFE700BFE3680F2BBAD9012001B0BDE8A3
:1079E000F08300BFA36BB3F1805F71D1036843F4F0
:1079F000805303605FEA492302D44FF0010C0FE08B
:107A0000E368072B0AD3056825F4807C256D45EAD9
:107A10000C0505604FF0000C07E000BF4FF0000CB4
:107A2000036823F480730360E368E769A26A47EAA6
:107A30000E07E16B3A43A56811432669676919434C
:107A40008160B9F1000F626AD4E90D1341EA0201C5
:107A5000226A41EA0301E36C41EA060141EA0701B7
:107A600041EA0201A26C41EA0301A36D41EA05016A
:107A700041EA020141EA030141EA080141EA090140
:107A8000C1600DD0016DBCF1000F21F00101016555
:107A900014D1C168626D21F000411143C1600DE055
:107AA0008168012262F3CC2181608168022262F345
:107AB0004A218160016D21F0010101650020C4F8B7
:107AC0008400012184F8811001B0BDE8F08300BF7B
:107AD0004FF0000991E700002DE9F047B4B0694686
:107AE000044601F10800B021F8F7EFFD43F600016C
:107AF0002068C4F20001884202D034B0BDE8F087AB
:107B00004FF480500090684600270197FEF740FB35
:107B100008B1F9F7A9FE44F2E04040F20045C5F68D
:107B20000200C5F602052FAE40F2100881684FF042
:107B3000020941F4804181608168C4F2020801F4C5
:107B400080412F912F99016841F004010160016883
:107B50004FF0050A01F004012F912F99016841F0BF
:107B6000020101600068314600F002002F902F985A
:107B700006202F9005F58060CDE930973297CDF83B
:107B8000CCA0FCF771FE4FF400503146CDE92F092F
:107B90002846CDF8CCA0CDE93177FCF765FE42F65A
:107BA0003C452720C2F200454FF480694FF440362F
:107BB000C5E901072846C5F80080EF60C5E90497CC
:107BC000C5E90677C5E90867FBF7F6F808B1F9F7E4
:107BD0004BFEE56708F11800AC6342F6B445C2F20B
:107BE00000452860282068604020A8600020C5E982
:107BF0000309C5E90500C5E9070668622846FBF7E1
:107C0000DBF808B1F9F730FE242005210022A56732
:107C1000AC63FDF721F82420FDF70AF834B0BDE885
:107C2000F087000000000000704700000000000026
:107C300070470000000000002DE9F04F81B09B4626
:107C400015460F460446D0F80090C66BFCF7ECFED4
:107C500094F8811001290FD180464FF0010027B11F
:107C6000002D18BFBBF1000F02D101B0BDE8F08FAD
:107C700094F88000012803D1022001B0BDE8F08F04
:107C8000012084F88000052084F881000021C4F8D8
:107C90008410656643F60002A4F86AB0C4F20002DC
:107CA000A4F868B0E7651027A4F862B02068A4F8CB
:107CB00060B0216790426167C16821F4C021C16052
:107CC0000CD043F60041C4F20001884206D043F2D2
:107CD0000001C4F20101884218BF082741684FF62D
:107CE000FF72914359444160016841F00101016014
:107CF0006168B1F5800F4FF0010103D1026842F4D1
:107D000000720260E0680A9B102801EB561169D3EB
:107D1000BF0801208DB203F1010901235E460FE087
:107D20004FF0000BB3B246EA0B011FFA8BF0002BA9
:107D300018BF0123002818BF0120090400F04C815E
:107D400021684A6992071FFA8BF205D5DB071CBF31
:107D500017FA86F3934203D8C0074869E0D00EE0D3
:107D6000E36D53F8046B0E62E365B4F86230013BD7
:107D7000A4F86230B4F86260C0074869D0D04B699B
:107D8000DB0704D1AA420FD210F400400CD0096BDB
:107D9000606E016004306066B4F86A000138A4F8CF
:107DA0006A00B4F86AB0BDE7FCF73EFEB9F1000F17
:107DB000B8D0A0EB08000A998842B3D3204605F05A
:107DC000ABFED4F8840040F48070C4F88400012035
:107DD00084F88100002084F88000032001B0BDE811
:107DE000F08F00BF072875D94FF6FF727F081FFA82
:107DF00081FA0120591CA2F1010C01235D4600917A
:107E000010E000BF4FF0000BABB245EA0B011FFAC8
:107E10008BF0002B18BF0123002818BF0120090494
:107E200000F0DA802268516989071FFA8BF105D5C5
:107E3000DB071CBF17FA85F38B4203D8C0075069D4
:107E4000E0D00FE0E36D33F8026BA9F82060E36542
:107E5000B4F86230013BA4F86230B4F86250C00755
:107E60005069CFD05269D20715D151450ED210F4C6
:107E700000420BD0B9F83010606E20F8041BB9F83E
:107E8000301020F8021C61460CE000BF012913D11C
:107E900010F4005010D0B9F83010606E20F8021BBA
:107EA0004FF6FF716066B4F86A000844A4F86A00EF
:107EB000B4F86AB0A8E700BF6646FCF7B5FD0099C4
:107EC00031B1A0EB08000A998842B4469CD375E70B
:107ED000B44699E74FF6FF7201201FFA81F95E1C44
:107EE000D51E0123DA460FE04FF0000B1FFA8AF38C
:107EF0004AEA0B011FFA8BF0002B18BF0123002860
:107F000018BF0120090467D021684A6992071FFA47
:107F10008BF205D5DB071CBF17FA8AF3934203D80F
:107F2000C0074869E0D011E0E36D1B7881F820308C
:107F3000E16D0131E1652168B4F86230013BA4F8DC
:107F40006230B4F862A0C0074869CDD04B69DB0746
:107F500025D14A451ED210F400431BD091F83000C1
:107F6000616E08702068616E4A1C626690F830008D
:107F700048702068616E4A1C626690F83000487054
:107F80002068616E4A1C626690F83000487028468E
:107F90000BE000BF032A13D810F4C04010D091F8B2
:107FA0003000616E08704FF6FF70616E01316166DE
:107FB000B4F86A100844A4F86A00B4F86AB095E707
:107FC000FCF732FD002E91D0A0EB08000A99884200
:107FD000FFF48CAFF2E600BF0A9D681C14D000BF0E
:107FE00020684069000713D4FCF71EFDA0EB0800D1
:107FF000A842F5D3D4F8840040F02000C4F88400EF
:1080000006E000BFFCF710FD206840690007F9D5C5
:10801000204605F081FD012084F88100002084F8CD
:108020008000D4F88400002818BF012001B0BDE80A
:10803000F08F00000000000070470000000000000A
:10804000704700000000000040F20442C5F6000244
:10805000136823EA00000843106070470000000026
:1080600070470000000000007047000000000000A2
:108070007047000000000000B0B590F83C20012AD5
:108080004FF0020263D080F83D2040F2004C0268BD
:10809000C4F2010C42F4806363455368D2F808E0EF
:1080A00002BF23F470034C6823434DF6FF740D6840
:1080B000C4F2000423F07003A24243EA05035360B4
:1080C00014DC40F2FF73C4F200039A4222DD40F652
:1080D0000003C4F200039A422ED040F60043C4F2DB
:1080E00000039A4228D041F6000321E04FF6FF73C7
:1080F000C4F200039A4213DD0023C4F201039A4242
:108100001AD044F20003C4F201039A4214D062452B
:1081100012D016E0B2F1804F0ED040F2004307E0DB
:108120004EF20003C4F200039A4205D04EF200431F
:10813000C4F200039A4204D12EF0800389681943E7
:1081400091600022012180F83D1080F83C2010460B
:10815000B0BD00000000000060B310B5044690F808
:108160003D0028B9002084F83C00204600F024F8A7
:10817000022084F83D002068211D05F071FF0120D8
:1081800084F8480084F83E0084F83F0084F84000FA
:1081900084F8410084F8420084F8430084F84400E5
:1081A00084F8450084F8460084F8470084F83D00D0
:1081B000002010BD01207047B0B582B040F20041F0
:1081C00004460068C4F20001884201D002B0B0BD8C
:1081D00044F2E84042F62C55C5F60200C2F20045D2
:1081E000016841F002010160006800F002000190A6
:1081F00070200199C4F202002860182068604020B5
:10820000A8600020E8604FF4806129614FF40061AC
:1082100069614FF40051C5E90610C5E90800284618
:10822000FAF7CAFD08B1F9F71FFBA562AC6302B00B
:10823000B0BD00000000000090F83D10012927D1DA
:10824000022180F83D1001684DF6FF70C4F2000075
:108250008142C86840F00100C8601BDC40F2FF703A
:10826000C4F2000081422DDD40F60000C4F200009F
:1082700081423DD040F60040C4F20000814237D038
:1082800041F60000C4F20000814231D03CE000BF62
:10829000012070474FF6FF70C4F2000081421BDDE1
:1082A0000020C4F20100814222D044F20000C4F256
:1082B000010081421CD040F20040C4F20100814222
:1082C00016D021E0B1F1804F12D040F20040C4F24C
:1082D000000081420CD017E04EF20000C4F2000012
:1082E000814205D04EF20040C4F2000081420BD121
:1082F00007228868C0F2010202400020062A18BF47
:10830000B2F5803F00D17047086840F00100086076
:10831000002070470000000080B590F83C20012A42
:108320004FF0020200F0A78080F83D208822D0F8AC
:1083300000C0CFF6CE72DCF808301A40CCF8082026
:108340000B686F2B0EDDB3F1101F37DAB3F5005F4A
:1083500046DA702B00F09280B3F5805F00F08480E5
:10836000D6E000BF2F2B33DD4F2B3FDC302B6FD0FF
:10837000402B40F0CD80D1F804E0C968DCF8203013
:10838000DCF8202022F00102CCF82020DCF81820B4
:1083900022F0F00242EA011123F00A02CCF8181090
:1083A00042EA0E01CCF820104FF68872DCF8081073
:1083B000CFF6CF721140473154E000BF2F21C0F2F9
:1083C00010018B423ADCB3F1101F41D020213BE079
:1083D000002B18BF102B3BD0202B39D098E000BFCA
:1083E00060D0B3F5801F33D092E000BF502B6DD02A
:1083F000602B40F08D80D1F804E0C968DCF82030B3
:10840000DCF8202022F01002CCF82020DCF8182024
:1084100022F4704242EA013123F0A002CCF8181095
:1084200042EA0E11CCF820104FF68872DCF80810E2
:10843000CFF6CF721140673114E000BF3021C0F297
:1084400010018B4204D04021C0F210018B425FD159
:108450004FF68872DCF80810CFF6CF72114019433E
:1084600041F00701CCF808100022012180F83D10EE
:10847000002180F83C10104680BD00BFD1E901E327
:10848000C968DCF8082043EA0E0322F47F4243EA7D
:1084900001211143CCF80810DCF8081041F07701F5
:1084A000E0E700BFD1E901E3C968DCF8082043EA4E
:1084B0000E0322F47F4243EA01211143CCF8081055
:1084C000DCF8081041F48041CCE700BFD1F804E0AB
:1084D000C968DCF82030DCF8202022F00102CCF85A
:1084E0002020DCF8182022F0F00242EA011123F0EB
:1084F0000A02CCF8181042EA0E01CCF820104FF610
:108500008872DCF80810CFF6CF7211405731A9E716
:108510000122AAE7000000007047000000000000F0
:108520007047000000000000F0B581B0044600680C
:10853000C5680669B10717D515F0020114D06FF0B0
:1085400002010161012121778069800704D0204662
:10855000FFF7E6FF06E000BF204600F09DF820464A
:1085600000F052FB00202077700719D515F00400A9
:1085700016D020686FF00401016102212177806923
:1085800010F4407F04D02046FFF7CAFF06E000BF8A
:10859000204600F081F8204600F036FB00202077CE
:1085A000300717D515F0080014D020686FF00801C7
:1085B000016104212177C069800703D02046FFF7BD
:1085C000AFFF05E0204600F067F8204600F01CFBF6
:1085D00000202077F00619D515F0100016D020687D
:1085E0006FF01001016108212177C06910F4407F0C
:1085F00004D02046FFF794FF06E000BF204600F0BD
:108600004BF8204600F000FB00202077F00718BF51
:1086100015F0010006D020686FF0010101612046CD
:1086200000F0AEFE05F0800716F4025F18BF002FC1
:1086300002D1F00509D410E020686FF40251016105
:108640002046FFF711FDF00507D537B120686FF41C
:10865000807101612046FFF703FD700609D515F012
:10866000400006D020686FF040010161204600F014
:108670008FFEB0060CD515F0200009D020686FF0F1
:1086800020010161204601B0BDE8F040FFF7F0BCD9
:1086900001B0F0BD000000007047000000000000C5
:1086A0002DE9F04190F83C30012B03D10220BDE8C8
:1086B000F08100BF4FEAB202052A31D8DFE812F09C
:1086C000060038007600B400DA000001036843F6C3
:1086D000FF76C4F201061C6AB3421A6A24F002044F
:1086E00022F001021A621A46D3F804E052F818CFB9
:1086F0008D6844EA0504D1F8008040F3078144F214
:108700000007C4F20107BB4200F00B8144F60007EA
:10871000C4F20107BB4200F0048144F20047FCE0D0
:108720000121002280F83C200846BDE8F08100BF0E
:10873000036840F2004E43F48067C4F2010E1C6AE5
:1087400077451A6A24F0200422F010021A621A46B1
:108750005D6852F818CF8E6844EA061407D1CE68D7
:108760006FF0400724F0C00407EA0616344343F6CE
:10877000FF76D1F80080C4F20106B34240F3EC80EA
:1087800044F20007C4F20107BB4200F0EC8044F65B
:108790000007C4F20107BB4200F0E58044F2004745
:1087A000C4F20107BB4200F0DE80E3E0036840F260
:1087B000004E43F48067C4F2010E1C6A77451A6AC2
:1087C00024F4007422F480721A621A465D6852F82A
:1087D0001CCF8E6844EA062407D1CE6840F2FF47DA
:1087E000360224F44064BE43344343F6FF76D1F8A6
:1087F0000080C4F20106B34240F3D48044F2000783
:10880000C4F20107BB4200F0D48044F60007C4F272
:108810000107BB4200F0CD8044F20047C4F20107DB
:10882000BB4200F0C680CBE0036843F6FF77C4F29A
:108830000107D3F820C0BB421A6A22F480521A62A0
:108840001A465C6852F81C6F0D68D1F808E040F3D6
:10885000CF8044F20007C4F20107BB4200F0D3808E
:1088600044F60007C4F20107BB4200F0CC8044F29A
:108870000047C4E0036843F6FF77C4F20107D3F86A
:1088800020C0BB421A6A22F480321A621A465C681F
:1088900052F8546F0D68D1F808E040F3D38044F2E9
:1088A0000007C4F20107BB4200F0D78044F600077E
:1088B000C4F20107BB4200F0D08044F20047C8E098
:1088C000036843F6FF77C4F20107D3F820C0BB4228
:1088D0001A6A22F480121A621A465C6852F8546FBF
:1088E0000D68D1F808E040F3D98044F20007C4F2E3
:1088F0000107BB4200F0DD8044F60007C4F2010727
:10890000BB4200F0D68044F20047CEE00027C4F21C
:108910000107BB4205D040F20047C4F20107BB4249
:1089200005D1CF6824F00C0427F004073C43B34280
:1089300040F3E28044F20006C4F20106B34200F0C4
:10894000E68044F60006C4F20106B34200F0DF8080
:1089500044F20046D7E000BF0027C4F20107BB4243
:1089600001D0734506D1D1E90576374325F4406639
:1089700046EA870548F6FF475D60CFF6FF6707EADE
:108980000C0747EA08279F614F6809699F631C62CB
:108990009F6947F400679F619F6927F480679F6123
:1089A000A7E000BF0027C4F20107BB4201D0734516
:1089B00006D1D1E90576374325F4405646EA071536
:1089C0004FF68C775D60CFF6FE7707EA0C0747EA33
:1089D0000807DF614F680969DF631C62DF6947F0E0
:1089E0000807DF61DF6927F00407DF61ADE000BF42
:1089F0000027C4F20107BB4205D040F20047C4F291
:108A00000107BB4204D14F6924F4804444EA87142F
:108A100048F6FF475C60CFF6FF673E402CF40057F6
:108A200046EA0524DC614E6809691E6447EA0E3790
:108A30001F62DF6947F40067DF61DF6927F4806741
:108A4000DF6156E00027C4F20107BB4205D040F2C7
:108A50000047C4F20107BB4204D14F6924F48034BB
:108A600044EA07244FF68C775C60CFF6FE77033735
:108A70003E402CF4003746EA05045C654E680969FF
:108A80009E6547EA0E471F625F6D47F008075F6506
:108A90005F6D27F004075F6557E000BF0027C4F251
:108AA0000107BB4205D040F20047C4F20107BB42B8
:108AB00004D14F6924F4802444EA872448F6FF4710
:108AC0005C60CFF6FF6707F540773E402CF4001757
:108AD00046EA05245C654E680969DE6547EA0E577B
:108AE0001F625F6D47F400675F655F6D27F4806705
:108AF0005F65090229E000BF0026C4F20106B34207
:108B000005D040F20046C4F20106B34206D12EF46D
:108B10004077D1E90565374347EA050E4FF68C7576
:108B2000C3F804E0CFF6FE750CEA050747EA08072C
:108B30009F614F6809695F631C629F6947F008077E
:108B40009F619F6927F004079F61136819431160B3
:108B50000021002280F83C200846BDE8F08100009A
:108B600060B310B5044690F83D0028B9002084F8A1
:108B70003C00204600F024F8022084F83D002068E4
:108B8000211D05F06DFA012084F8480084F83E00AC
:108B900084F83F0084F8400084F8410084F84200E3
:108BA00084F8430084F8440084F8450084F84600C3
:108BB00084F8470084F83D00002010BD0120704774
:108BC00080B582B041F600010068C4F2000188421D
:108BD0001CBF02B080BD44F2E8400022C5F602008E
:108BE000016841F0400101600068052100F040008B
:108BF000019001982B20FCF72FF82B2002B0BDE844
:108C00008040FCF715B8000010B540F20041044662
:108C10000068C4F20001884218BF10BD042120463C
:108C200000F006FB2068002181634CF60350C2F27D
:108C30000140017010BD00007047000000000000FE
:108C400071B10A1F4FEAB202032A11D8DFE802F01D
:108C500002161E2400F13F031B78012B13D120E0E4
:108C600090F83E20012A0ED1022280F83E2032E008
:108C700000F143031B78012B05D112E000F1400302
:108C80001B78012B0DD00120704700BF00F141037C
:108C90001B78012B05D0F6E700F142031B78012B6E
:108CA000F1D1032A08D8DFE802F0030B0F1300BF4D
:108CB000022280F83F200EE0022280F843200AE0E2
:108CC000022280F8402006E0022280F8412002E0E3
:108CD000022280F84220026801F01F00012101FAFF
:108CE00000F0116A814311624EF2FF31C4F20001BB
:108CF0008A42116A40EA0100106215DC40F6FF303A
:108D0000C4F20000824227DCB2F1804F4ED040F224
:108D10000040C4F20000824248D040F60000C4F295
:108D20000000824242D053E043F6FF700021C4F2BB
:108D30000100C4F20101824244F20000C4F20100C9
:108D40001EDC4EF20043C4F200039A422ED08A4247
:108D500024D040F200431DE040F60040C4F2000081
:108D6000824223D041F60000C4F2000082421DD0AE
:108D70004EF20000C4F20000824217D028E000BF8B
:108D800082420BD044F60003C4F201039A4205D09C
:108D900044F20043C4F201039A4219D1536C8A424F
:108DA00043F40041516418BF82420BD107219068FF
:108DB000C0F2010101400020062918BFB1F5803F33
:108DC00006D1704740F20040C4F201008242EDD06B
:108DD000106840F0010010600020704700000000A3
:108DE000B0B50C46054679B1201F4FEAB000032804
:108DF0002CD8DFE800F003171D2300BF05F13F0169
:108E0000097802291FD026E095F83E00022801D1FA
:108E10000220B0BD05F13E000078012840F0F4804A
:108E200046E000BF05F14001097802290BD012E0AD
:108E300005F141010978022905D00CE005F1420154
:108E40000978022907D10220B0BD00BF05F1430116
:108E500009780229F7D0032824D8DFE800F0030BB3
:108E6000131B00BF05F13F000078012840F0CC80C3
:108E70001EE000BF05F140000078012840F0C480EA
:108E800016E000BF05F141000078012840F0BC80E9
:108E90000EE000BF05F142000078012840F0B480E8
:108EA00006E000BF05F143000078012840F0AC80E7
:108EB0000120002A18BF002B00D1B0BD64B1201FD3
:108EC0004FEAB00003280BD8DFE800F0020E1216BC
:108ED000022085F83F0012E0022085F83E000EE0F7
:108EE000022085F843000AE0022085F8400006E0F1
:108EF000022085F8410002E0022085F842004FEA96
:108F0000B400032800F28080DFE800F00222426211
:108F1000686A4EF2D911C0F600014EF2892CC16385
:108F20004EF25121686AC0F60001C0F6000C0164DF
:108F30002968686AC0F84CC001F1340C686A1146AF
:108F40006246FAF769FA00285ED14FF400705FE0DC
:108F5000A86A4EF2D911C0F600014EF2892CC16305
:108F60004EF25121A86AC0F60001C0F6000C01645F
:108F70002968A86AC0F84CC001F1380CA86A1146EB
:108F80006246FAF749FA00283ED14FF480603FE08C
:108F9000E86A4EF2D911C0F600014EF2892CC16385
:108FA0004EF25121E86AC0F60001C0F6000C0164DF
:108FB0002968E86AC0F84CC001F13C0CE86A114627
:108FC0006246FAF729FAF8B94FF4006020E000BFD2
:108FD000286B4EF2D911C0F600014EF2892CC16304
:108FE0004EF25121286BC0F60001C0F6000C01645E
:108FF0002968286BC0F84CC001F1400C286B114661
:109000006246FAF709FA08B10120B0BD4FF480506A
:109010002968CA681043C86004F01F00012202FAE0
:1090200000F00A6A82430A624EF2FF320B6AC4F20F
:10903000000218439142086214DC40F6FF30C4F28B
:109040000000814226DCB1F1804F51D040F2004057
:10905000C4F2000081424BD040F60000C4F2000090
:1090600044E000BF43F6FF700022C4F20100C4F2E6
:109070000102814244F20000C4F201001CDC4EF205
:109080000043C4F20003994232D0914222D040F210
:1090900000431BE040F60040C4F20000814227D0AC
:1090A00041F60000C4F20000814221D04EF20000DF
:1090B000C4F200001AE000BF81420BD044F6000366
:1090C000C4F20103994205D044F20043C4F2010303
:1090D000994219D14B6C914243F400424A6418BF43
:1090E000814205D040F20040C4F2010081420BD120
:1090F00007228868C0F2010202400020062A18BF39
:10910000B2F5803F3FF4D9AE086840F00100086036
:109110000020B0BD00000000026801F01F0C012318
:1091200003FA0CFC136A23EA0C0343F6FF7CC4F237
:10913000010C13626245136A136213DD44F20003EB
:10914000C4F201039A4218D044F60003C4F20103AA
:109150009A4212D044F20043C4F201039A420CD066
:1091600019E000BF0023C4F201039A4205D040F287
:109170000043C4F201039A420DD1D2F820C041F25B
:1091800011131CEA030F06D1D2F820C040F2444369
:109190001CEA030F12D0D2F820C041F211131CEACE
:1091A000030F16D1D2F820C040F244431CEA030F4B
:1091B0000FD1136823F0010313600AE0536C23F40A
:1091C00000435364D2F820C041F211131CEA030F8C
:1091D000E8D04FEAB10104290AD8DFE801F0030F13
:1091E000151B2100012180F83E100020704700BFB0
:1091F000012180F843100020704700BF012180F852
:109200003F100020704700BF012180F8401000206F
:10921000704700BF012180F841100020704700BF57
:10922000012180F84210002070470000000000007B
:1092300070B54FEAB106032E0ED804460D46DFE89E
:1092400006F0030D151D00BF204650F8241BCA6808
:1092500022F4007218E000BF012070BD204650F8D3
:10926000281BCA6822F480620EE000BF204650F836
:109270002C1BCA6822F4006206E000BF204650F8AA
:10928000301BCA6822F48052CA600068F9F71CF8E3
:10929000206805F01F01012202FA01F1026A22EAA8
:1092A000010143F6FF72C4F2010201629042016AB9
:1092B000016213DD44F20001C4F20101884218D0BA
:1092C00044F60001C4F20101884212D044F2004188
:1092D000C4F2010188420CD015E000BF0021C4F2A5
:1092E0000101884205D040F20041C4F201018842E8
:1092F00009D1016A41F21112114204D1016A40F20E
:10930000444211420ED0016A41F21112114212D1AF
:10931000016A40F2444211420DD1016821F001017D
:10932000016008E0416C21F400414164016A41F2AE
:1093300011121142ECD0032E0AD8DFE806F0030F19
:10934000151B00BF012084F83E00002070BD00BF47
:10935000012084F84300002070BD00BF012084F884
:109360003F00002070BD00BF012084F840000020B5
:1093700070BD00BF012084F84100002070BD0000D6
:109380000068B0F1804F18BF7047FBF755BB000075
:10939000704700000000000090F88410012901D1FE
:1093A000022070472421C0F88810026813681168F1
:1093B00023F0005321F00101116000214166136088
:1093C0002022C0F8882080F88410084670470000EA
:1093D00010B50446D0F88C00202805D101200029C2
:1093E00018BF002A02D110BD022010BD0120E06686
:1093F00000202067204606F07FFE002818BF10BD21
:10940000E06E01282CD1206810210162206850E80C
:10941000000F216840F0100041E8000212B32068FC
:1094200050E8000F216840F0100041E80002002AD7
:109430001FBF206850E8000F216840F010001CBFDB
:1094400041E80002002A0DD0206850E8000F216892
:1094500040F0100041E800020020002AD6D1C2E707
:10946000012010BD002010BD43F63811C2F20041AA
:1094700088424DD0B0B543F6CC11C2F200418842CB
:1094800018BFB0BD40F2BC55C2F2004505F11C0446
:10949000291D2046F8F700F9D5E90101C5F8360085
:1094A000A889A5F83F00E889A5F843002869C5F810
:1094B00046006869C5F84A00A869C5F84E00002052
:1094C000286043F6CC10C5F83A10C2F200401922C9
:1094D0002146FFF77DFF42F6A45040F20F41C2F251
:1094E0000040C4F202010068884213DC6F21C4F21C
:1094F0000201884224DC3F21C4F2020188423BDCA5
:109500001021C4F2020188425CD0282156E000BF3D
:10951000F7F79EBA40F26F41C4F2020188421BDCA9
:1095200040F23F41C4F2020188422DDC40F210417A
:10953000C4F20201884245D040F228413EE000BF1B
:109540009F21C4F20201884228DC7021C4F202018A
:10955000884237D0882131E040F29F41C4F20201B5
:10956000884223DC40F27041C4F20201884229D0D3
:1095700040F2884122E000BF4021C4F2020188424B
:1095800020D058211AE000BF40F24041C4F202014D
:10959000884217D040F2584110E000BFA021C4F229
:1095A000020188420ED0B82108E000BF40F2B84165
:1095B000C4F20201884205D040F2A041C4F2020187
:1095C000884205D1016821F008010160B0BD00BFEB
:1095D000016821F004010160B0BD0000000000003E
:1095E000704700000000000070B590F88420012A48
:1095F00002D1022070BD00BF2422C0F8882002687A
:10960000D0F864E0BEF1000FD2F800C0136823F078
:1096100001031360936823F0606341EA03019160E2
:109620001AD0916847F2A01E9368C0F6010E5B0F36
:1096300047F2A815C1F34266C0F601051EF80340C3
:10964000E95C2301B3FBF1F11EF80630AE5D1B01AE
:10965000B3FBF6F302E000BF01210123A0F86A107A
:109660002021A0F86830C2F800C0C0F8881000219E
:1096700080F88410084670BD70B590F88420012AE7
:1096800002D1022070BD00BF2422C0F888200268E9
:10969000D0F864E0BEF1000FD2F800C0136823F0E8
:1096A00001031360936823F0604341EA0301916072
:1096B0001AD0916847F2A01E9368C0F6010E5B0FA6
:1096C00047F2A815C1F34266C0F601051EF8034033
:1096D000E95C2301B3FBF1F11EF80630AE5D1B011E
:1096E000B3FBF6F302E000BF01210123A0F86A10EA
:1096F0002021A0F86830C2F800C0C0F8881000210E
:1097000080F88410084670BD70470000000000001B
:1097100070470000000000007047000000000000DB
:1097200070B50446006840F62F01C2691140202937
:10973000016886680ED101F0200306F080555B19A0
:109740001AD0616F002900F07D802046BDE870408E
:10975000084700BF40F60F031A420DD0012340F224
:109760002015C1F20003C0F2004506EA030C01EA2D
:10977000050313EB0C0367D1E36E012B05D112F047
:10978000100318BF11F010034CD1D3020AD516F400
:10979000800307D04FF4801101622046BDE870407D
:1097A000FFF7B6BF100606D501F0800006F40003EF
:1097B000C01840F0A18150066ED511F040006BD06A
:1097C000206850E8000F216820F0400041E80002C6
:1097D000F2B1206850E8000F216820F0400041E815
:1097E0000002002A1FBF206850E8000F216820F007
:1097F00040001CBF41E80002002A09D0206850E860
:10980000000F216820F0400041E80002002AD7D173
:109810002020C4F888000020A0672046BDE87040E2
:1098200000F06EBD102101628068400616D4B4F8C5
:109830005C00B4F85E10B4F85E20002A18BF8842BD
:1098400040F08A8170BD00BFD30718BF11F4807348
:109850002ED1930706F0010E36D440E0D4F88000F4
:1098600040F20F42C4F202020168914200F34A81C1
:109870006F22C4F20202914200F3F0813F22C4F24F
:109880000202914200F306821022C4F202029142C7
:1098900000F0258228221FE2100240F14B8111F0D6
:1098A000804000F047812046BDE87040FFF72CBFA4
:1098B00001230362D4F8903043F00103C4F89030E0
:1098C000930706F0010E0AD5BEF1000F07D0022360
:1098D0000362D4F8903043F00403C4F89030530787
:1098E0000AD5BEF1000F07D004230362D4F89030EC
:1098F00043F00203C4F8903013070CD501F02003A5
:1099000053EA0C0307D008230362D4F8903043F0E5
:109910000803C4F8903013050BD511F0806308D00C
:109920004FF400630362D4F8903043F02003C4F88E
:109930009030D4F89030002B3FF484AF12F0200226
:109940000AD001F0200106F08052891804D0616F1E
:1099500011B1204688472068D4F89010806800F044
:10996000400001F02801401806D12046FFF7D4FE40
:109970000020C4F8900070BD206850E8000F2168F6
:1099800020F4907041E80002F2B1206850E8000F26
:10999000216820F4907041E80002002A1FBF20686F
:1099A00050E8000F216820F490701CBF41E80002CD
:1099B000002A09D0206850E8000F216820F4907038
:1099C00041E80002002AD7D14FF6FE70CEF6FF70B4
:1099D000216851E8021F2268014042E80213DBB10E
:1099E000216851E8021F2268014042E80213002B5F
:1099F0001FBF216851E8021F226801401CBF42E8D6
:109A00000213002B08D0216851E8021F2268014090
:109A100042E80213002BDBD1E06E012827D1206839
:109A200050E8000F216820F0100041E80002F2B178
:109A3000206850E8000F216820F0100041E8000283
:109A4000002A1FBF206850E8000F216820F0100096
:109A50001CBF41E80002002A09D0206850E8000F2E
:109A6000216820F0100041E80002002AD7D1202010
:109A7000C4F88C000020E0662168606788684006B2
:109A800064D5206850E8020F216820F0400041E8CA
:109A90000202F2B1206850E8020F216820F0400075
:109AA00041E80202002A1FBF206850E8020F216827
:109AB00020F040001CBF41E80202002A09D02068C3
:109AC00050E8020F216820F0400041E80202002A1D
:109AD000D7D1D4F88000C8B34FF2B971C0F60001F5
:109AE0000165F8F7F1FB00283FF4ACAED4F8800034
:109AF000016DBDE870400847A16F00297FF425AED5
:109B0000A0E600BF40F26F42C4F20202914200F3AD
:109B1000B18040F23F42C4F20202914200F3C2809F
:109B200040F21042C4F20202914200F0D88040F2AA
:109B30002842D1E0D0017FF585AEB1F1FF3FC8BF2B
:109B400070BD2046BDE87040FFF74ABD2046BDE825
:109B50007040FFF7E1BD00BF401A216851E8001FC7
:109B6000226821F4907142E80013F3B1216851E8B2
:109B7000001F226821F4907142E80013002B1FBFE0
:109B8000216851E8001F226821F490711CBF42E84F
:109B90000013002B09D0216851E8001F226821F42E
:109BA000907142E80013002BD7D14FF6FE71CEF62C
:109BB000FF71226852E8022F23680A4043E8022618
:109BC000DEB1226852E8022F23680A4043E80226E9
:109BD000002E1FBF226852E8022F23680A401CBFD4
:109BE00043E80226002E08D0226852E8022F23689C
:109BF0000A4043E80226002EDBD12021C4F88C1055
:109C00000021E1666167216851E8001F226821F0A8
:109C1000100142E80013F3B1216851E8001F2268E7
:109C200021F0100142E80013002B1FBF216851E80A
:109C3000001F226821F010011CBF42E80013002B16
:109C400009D0216851E8001F226821F0100142E884
:109C50000013002BD7D181B210E100BF9F22C4F2C4
:109C60000202914228DC7022C4F20202914236D0F4
:109C7000882231E040F29F42C4F20202914223DC8A
:109C800040F27042C4F20202914228D040F288426F
:109C900022E000BF4022C4F2020291421FD05822AB
:109CA0001AE000BF40F24042C4F20202914216D0D4
:109CB00040F2584210E000BFA022C4F202029142DA
:109CC0000DD0B82208E000BF40F2B842C4F2020250
:109CD000914204D040F2A042C4F2020291424A688A
:109CE000B4F85C3091B2002900F0C080994280F055
:109CF000BD80A4F85E20C069B0F5807F00F0A98027
:109D0000206850E8000F216820F4807041E80002CC
:109D1000F2B1206850E8000F216820F4807041E81B
:109D20000002002A1FBF206850E8000F216820F4BD
:109D300080701CBF41E80002002A09D0206850E86A
:109D4000000F216820F4807041E80002002AD7D17A
:109D5000206850E8020F216820F0010041E802026B
:109D6000F2B1206850E8020F216820F0010041E8BC
:109D70000202002A1FBF206850E8020F216820F06D
:109D800001001CBF41E80202002A09D0206850E807
:109D9000020F216820F0010041E80202002AD7D119
:109DA000206850E8020F216820F0400041E80202DC
:109DB000F2B1206850E8020F216820F0400041E82D
:109DC0000202002A1FBF206850E8020F216820F01D
:109DD00040001CBF41E80202002A09D0206850E878
:109DE000020F216820F0400041E80202002AD7D18A
:109DF0002020C4F88C000020E066206850E8000FA6
:109E0000216820F0100041E80002F2B1206850E81B
:109E1000000F216820F0100041E80002002A1FBF57
:109E2000206850E8000F216820F010001CBF41E8B6
:109E30000002002A09D0206850E8000F216820F0B5
:109E4000100041E80002002AD7D1D4F88000F7F7CB
:109E5000A3FF02202067B4F85C00B4F85E10401A3B
:109E600081B22046BDE87040FFF7FEBA8B427FF416
:109E7000E9ACC069B0F5807F7FF4E4AC02202067D4
:109E80002046BDE87040FFF7EFBA00000000000078
:109E900010B5E0B10446D0F8880028B9002084F855
:109EA0008400204600F028F82420C4F888002068A8
:109EB000A16A0268002922F00101016002D0204657
:109EC00005F04EFB204605F0ABFE012802D1012033
:109ED00010BD00BF2068416821F490414160816855
:109EE00021F02A018160016841F0010101602046F2
:109EF000BDE8104005F0A4BB2DE9F047B6B004461C
:109F000002A8B8210025CDE93455CDE93255319567
:109F1000F6F7DBFB44F200412068C4F200018842FE
:109F200000F0928041F20001C4F20101884200F089
:109F3000038145F20001C4F20001884240F0F9803B
:109F400002A8002703974FF00208CDF80880FCF71D
:109F50001FF908B1F7F788FC44F2E04040F60045ED
:109F6000C5F60200C5F6020531AE40F2400981682F
:109F7000C4F2020941F48011816081684FF0080A3F
:109F800001F4801101910199016841F0040101601F
:109F9000016801F0040101910199016841F0080193
:109FA00001600068314600F00800019001984FF40C
:109FB0008050CDE93108A5F5806033973497CDF80E
:109FC000D4A0FAF751FC04203146CDE931082846E7
:109FD000CDF8D4A0CDE93377FAF746FC42F6A45584
:109FE0004120C2F200454FF48066C5E901072846CA
:109FF000C5F80090EF60C5E90467C5E90677C5E9D3
:10A000000877F8F7D9FE08B1F7F72EFCC4F88050AE
:10A0100009F11800AC6342F61C65C2F200452860E5
:10A02000422068604020A8600020C5E90306C5E919
:10A030000500C5E9070068622846F8F7BDFE00285C
:10A040004FF0350669D16AE002A803950225029512
:10A05000FCF79EF808B1F7F707FC44F2E04040F245
:10A060004008C5F602000026C4F20208816841F4E7
:10A0700000318160816801F400310191019901682A
:10A0800041F008010160006831A900F0080001906A
:10A0900001987020CDE931050720359040F6004049
:10A0A0003396C5F602003496FAF7DEFB42F6847565
:10A0B00008F57470C2F200454FF480694FF48037A0
:10A0C00028602B20C5E901062846EE60C5E9049604
:10A0D000C5E90666C5E90876F8F76EFE08B1F7F738
:10A0E000C3FBC4F8805008F17800AC6342F6FC75FD
:10A0F000C2F2004505F1080128602C20686040206C
:10A1000081E8410228466E62C5E90566C5E9076730
:10A11000F8F752FE4FF0260608B1F7F7A5FB052128
:10A1200000223046E567AC63FAF796FD3046FAF751
:10A130007FFD36B0BDE8F0870120029002A800261E
:10A140000396FCF725F808B1F7F78EFB44F2E040E0
:10A1500040F24008C5F60200C4F20208016941F06D
:10A1600010010161016901F010010191019901687B
:10A1700041F001010160006840F6004100F001007B
:10A180000190C5F6020101984FF4C06031900220A1
:10A190003496CDE9320607203590A1F5406031A90B
:10A1A000FAF762FB42F6946508F58360C2F2004557
:10A1B0004FF4806728602920C5E901062846EE6033
:10A1C000C5E90476C5E90666C5E90866F8F7F4FD51
:10A1D00008B1F7F749FBC4F8805008F58660AC6316
:10A1E00042F60C75C2F2004528602A2068604020C3
:10A1F000A8600020C5E90307C5E90500C5E9070017
:10A2000068622846F8F7D8FD00284FF025067FF44D
:10A2100084AF84E7000000007047000000000000E9
:10A220007047000000000000B0B50446D0F8880078
:10A23000202831D100294FF001005BD0002A1346BD
:10A2400008BFB0BD21650025A4F854302120A4F832
:10A250005630C4F89050C4F88800E06FF0B14FF267
:10A26000C9724FF6593CC0F60002C26422684FF62C
:10A27000194E2832C0F6000CC0F6000E0565C0E984
:10A280000FCEF9F7C9F848B11020C4F8900020208B
:10A29000C4F888000120B0BD0220B0BD2068402174
:10A2A0000162206850E8020F216840F0800041E818
:10A2B00002020AB3206850E8020F216840F08000D3
:10A2C00041E80202002A1FBF206850E8020F2168FF
:10A2D00040F080001CBF41E80202002A0CD0206838
:10A2E00050E8020F216840F0800041E80202002A95
:10A2F000D7D10020B0BD00BF0020B0BD00000000DD
:10A3000070470000000000007047000000000000DF
:10A31000FEE700000000000085B0D0F8EC100A68ED
:10A32000039291ED010A91ED021A91ED032A8DED50
:10A33000020A8DED011A4FF07E528DED002A9DED3F
:10A34000033A9DED034A9DED025A9DED026A25EE0A
:10A35000065AA3EE045A9DED013A9DED014AA3EE83
:10A36000045A9DED003A9DED004A0492A3EE045A72
:10A370009DED044AB1EEC53A84EE033A8DED043A00
:10A38000049A04929DED043A91ED004A23EE043ABA
:10A3900081ED003A9DED043A23EE000A81ED010AB9
:10A3A0009DED040A20EE010A81ED020A9DED040AEA
:10A3B00020EE020A81ED030A40F23071C2F2004140
:10A3C0009DED020AD0F8002191ED6F1A20EE010AEE
:10A3D000B6EE001A20EE010A82ED040A9DED010A94
:10A3E00091ED6F2A20EE020A20EE010A82ED050AA5
:10A3F0009DED030A91ED6F2A20EE420A20EE010A3C
:10A4000082ED0A0A9DED000A91ED6F2A20EE020A04
:10A4100020EE010A82ED0B0A9DED000A91ED6F2AF4
:10A4200020EE420A20EE010A82ED100A9DED030A99
:10A4300091ED6F2A20EE420A20EE010A82ED110A08
:10A440009DED010A91ED6F2A20EE020A20EE010A2D
:10A4500082ED160A9DED020A91ED6F2A20EE420A66
:10A4600020EE010A82ED170AD0F8F80091ED740A87
:10A4700090ED1C1A81EE002A90ED230A80ED1C2A33
:10A4800091ED741A44F2000180EE010A9FED0A1A60
:10A49000C4F21C61B4EE412AF1EE10FA80ED230AF9
:10A4A000B4EE410AC8BF0167F1EE10FAC8BFC0F8A8
:10A4B0008C1005B0704700BF00401C460000000033
:10A4C000B0B540F230740120C2F2004406210022EF
:10A4D000032384ED6C0AB7EE000A20704CF6774037
:10A4E000C3F22B20C4F8CC0181FEC00A201D002538
:10A4F00084F83851C4E95055C4E95255C4ED6D0A89
:10A5000084ED6E1A84ED6F2A84ED740A00F060FE0B
:10A5100004F5E07004F5E4730121012209F090F9DB
:10A52000D4F8EC004FF07E519022C0E900154AF2B9
:10A530001931C0E902554AF29150C0F60001C4F841
:10A54000D4104AF64921C0F60000C4F8D0004AF2FF
:10A55000D150C0F60001C4F8DC1040F20111E185D1
:10A5600047F2C001C0F60000C4F8D800D4F80401D6
:10A57000C0F60101F6F755F840F2E801D4F8FC0006
:10A58000C2F200419022F6F74CF8B0BD0000000086
:10A5900010B50446D0F8F81040F2E8009022C2F25C
:10A5A0000040F6F73EF840F2E860D4F81C11C2F221
:10A5B00000404822F6F735F840F2A060D4F80C11BC
:10A5C000C2F200404822F6F72CF810BD000000004F
:10A5D00010B584B00446D0F8EC0090ED000A90ED80
:10A5E000011A30EE000A90ED022A90ED033A8DED4B
:10A5F000030A31EE010A40F2E8408DED020A32EE24
:10A60000020A8DED010A33EE030AC2F200408DED1D
:10A61000000AA17B0088227B484300FB02F1D4F8AA
:10A620000C01F6F752F89DED010AD4F80C01B1EED9
:10A63000400A80ED000A009941609DED030A029AEC
:10A64000B1EE400AC26080ED020A019B8261039A6A
:10A65000C0E90721436202639DED020A9DED011AE4
:10A66000B1EE400AC163B1EE411A80ED0D0A80EDF2
:10A670000E1A04B010BD0000B0B52DED088B84B0EB
:10A6800040F23074B6EE008AC2F2004447F2C001D4
:10A69000C0F60101902294ED583A94ED594A30EEFB
:10A6A000430A94ED5A3A30EEC44A84ED5B0A31EE27
:10A6B000431A84ED5C4A20EE085A94ED6F3A24EE7A
:10A6C000080A84ED5D1A21EE084AB0EE629A25EE82
:10A6D000031AB0EE42AA20EE030A8DED031A8DEDA7
:10A6E000020A24EE030A8DED010AB0EE61BAD4F835
:10A6F0000401F5F796FF9DED030AD4F80401B1EECD
:10A70000400A9DED021A9DED012AB1EE411A80ED3D
:10A71000010AB1EE420A80ED021A039980ED030AA4
:10A72000019A816102629DED020AB1EE400A029A2D
:10A7300080ED090A02639DED010AC163B1EE400A92
:10A74000019980ED0D0AC0E912129DED030AB1EEE8
:10A75000400A80ED140AD4E95201084306D094ED72
:10A760005E2A94ED5F1A94ED600A09E0B0EE490AA2
:10A77000B0EE4A1AB0EE4B2A00200121C4E9521073
:10A7800094ED643A94ED6F4A22EE032A002133EEF1
:10A79000045A002224EE0B6A002523EE011A82EEF1
:10A7A000052A86EE056A24EE0A7A81EE051A32EE53
:10A7B000062A87EE056A84ED5E2A23EE000A24EE5F
:10A7C000093A36EE011A80EE050A84ED5F1A83EE2F
:10A7D000053A21EE014A33EE000AA2EE024A84ED68
:10A7E000600AA0EE004AB1EEC43AB7EE004A84ED2A
:10A7F000663A84EE030A8DED000A9DED000AA0681A
:10A8000022EE000A80ED000A94ED5F0A9DED001A29
:10A8100020EE010A80ED010A94ED600A9DED001A18
:10A8200020EE010A80ED020A002094ED5C0A94ED0E
:10A830005B1A20EE000A94ED662AA1EE010A94ED5F
:10A840005D1AA1EE010A9FED791AB1EEC00AB4EECD
:10A85000410A9FED771AF1EE10FAB8BF0120B4EE6D
:10A86000412A9FED741AF1EE10FAC8BF0121B4EE2F
:10A87000412AF1EE10FAB8BF012284ED650A0840C2
:10A8800094ED6C0A94ED6F1AD4F8181120EE010AB9
:10A89000104084F8390181ED000A201D94ED6C0A06
:10A8A00094ED6F1A20EE010A81ED070A94ED6C0A0F
:10A8B00094ED6F1A20EE010A81ED0E0A94ED6C0AF8
:10A8C00094ED6F1A20EE010A81ED150A94ED6D0AE0
:10A8D00094ED6F1A20EE010A81ED1C0A94ED6D0AC9
:10A8E00094ED6F1A20EE010A81ED230AD4F81C11B1
:10A8F000D4F8B8210A60D4F8B8210A61D4F8B82194
:10A900000A6200F0D5FF6068F0EE480A90ED001A88
:10A9100084ED541A90ED012A84ED552A90ED023A07
:10A9200084ED563A90ED034AE2EE420A23EE040A21
:10A9300004F5D07084ED574AE3EE430AA1EE020A13
:10A9400008F0EEFD94ED540A94ED572A94ED561A52
:10A950009FED399A20EE410A94ED551AA1EE020AB4
:10A96000B8EE001A94ED682A20EE010A22EE091AC8
:10A9700084ED681A0AF0B6FF94ED541A94ED572A44
:10A9800094ED563A21EE021AA3EE438A94ED554A0D
:10A9900020EE090A04F5D470A4EE031A84ED690AC6
:10A9A000A2EE428AB0EE410AF0EE480A08F0B8FD85
:10A9B00094ED6A0A606820EE090A94ED761A84ED37
:10A9C0006A0A9FED1E2A0169C4F8601130EE411A2F
:10A9D0004069C4F86401C4F86851B4EE421AF1EE5B
:10A9E00010FA03DDB4F8D401013809E09FED142A10
:10A9F000B4F8D401B4EE421AF1EE10FA02DA0130E2
:10AA0000A4F8D40100B2B0EE403A01EE100A9FED76
:10AA10000D2A84ED760AB8EEC11AA1EE023A84ED51
:10AA20006B3A04B0BDEC088BB0BD00BF9A99993E5B
:10AA3000CDCC1441CDCC2441E12E654200003443FD
:10AA4000000034C30000B4432DE9F04F85B000F19D
:10AA5000780500F1800804462846414609F014F9BB
:10AA6000274684F8C800B4F8780004F1580127F8A4
:10AA7000A80FB4F85A00A4F8AA0028463A46009154
:10AA800009F09EF8A34684F8C800388841462BF8A0
:10AA9000B00FB4F88200A4F8B20038465A4609F064
:10AAA0008FF82146254684F8C800584651F8902F63
:10AAB00045F8A02F2A4608F0A3FE84F8C8002846CF
:10AAC000594608F0C1FED4F8EC1084F8C800A2463C
:10AAD0004FF00109D1E9000204908868C968039227
:10AAE000CDE90110B4F87810A4F8BA902AF8B81F8C
:10AAF000D4F82C019DED030A9DED011A9DED042A69
:10AB00009DED023A22EE432AA0EE012A32EE020A1D
:10AB100080ED000A9DED041A9DED032A9DED023A99
:10AB20009DED014A23EE043AB0EEC00AA1EE023ACE
:10AB300033EE031A80ED011A9DED041A9DED042AEF
:10AB40009DED033A9DED034A23EE443AA1EE023A0D
:10AB50009DED021A9DED022AA1EE423A9DED011AE9
:10AB60009DED012AA1EE023A80ED023A08F000FEC6
:10AB700040F23076C2F2004686ED610AD4F82C012C
:10AB800090ED010AB0EEC00A08F0F2FD86ED620A0F
:10AB9000D4F82C0190ED020AB0EEC00A08F0E8FDEE
:10ABA000204686ED630A254630F8481F25F8C01F69
:10ABB00051462A46A5F8029009F046F884F8C800E4
:10ABC00028883880584629463A46A4F8AA9008F0C2
:10ABD000F7FF84F8C8002888A4F8BA002846514630
:10ABE000AAF8009009F050F884F8C80006F5E07261
:10ABF0005046394608F0E4FFB6EE000A84F8C80073
:10AC000096ED731A21EE002A96ED720AB4EE420A0E
:10AC1000F1EE10FA08DA86F83891B4EE410AF1EE56
:10AC200010FA0DDC26E000BF96F83891B9F1000F5C
:10AC300018BF4FF00109B4EE410AF1EE10FA19DD28
:10AC4000B9F1000F16D0D6E9502196F8390101323A
:10AC500041F10001002804BF02460146B2F1330071
:10AC600071F10000C6E95021C0F01A81002086F879
:10AC700038011DE09FED993A31EE402A21EE033A6A
:10AC80009FED954A21EE041AB9F1000F4FF0000034
:10AC900082EE032AB7EE003AB4EE410AC6E950004C
:10ACA00003FE022AF1EE10FA32FE030A86ED670A6D
:10ACB000002084F82C00B4F858004146A4F8A800FD
:10ACC000B4F88200A4F8AA0000983A4608F078FF89
:10ACD00004F1980884F8C80038465946424608F0FE
:10ACE0006FFFB4F898C084F8C800B4F89A20D4F87C
:10ACF0001C0102FB0CF2E2B30027002300EB8701EA
:10AD000043F00107FFB296ED670A91ED001ABA42CF
:10AD100020EE010A81ED000A2BD900EB870143F0F8
:10AD20000207FFB296ED670A91ED001ABA4220EED3
:10AD3000010A81ED000A1CD900EB870143F00307EB
:10AD4000FFB296ED670A91ED001ABA4220EE010AB1
:10AD500081ED000A0DD900EB87010433DFB296EDD7
:10AD6000670A91ED001ABA4220EE010A81ED000A4D
:10AD7000C4D896ED610A9FED5A1A80EE010A90ED53
:10AD80000C2A2946524620EE020A90ED0D2A80ED4B
:10AD90000C0A96ED610A80EE010A20EE020A90ED9F
:10ADA0000E2A80ED0D0A96ED610A80EE010A20EE72
:10ADB000020A90ED0F2A80ED0E0A96ED620A80EEEF
:10ADC000010A20EE020A90ED102A80ED0F0A96ED9E
:10ADD000620A80EE010A20EE020A80ED100A96ED6A
:10ADE000620A80EE010A90ED111A20EE010A80ED50
:10ADF000110A0120A4F8BA004046A4F8B8C008F02F
:10AE0000DFFE84F8C80096F838010028D4F8BC00AA
:10AE100037D096ED6F0A9FED331A20EE012A90EDA0
:10AE2000043AB4EE423AF1EE10FA05DDB0EE423AE1
:10AE300080ED042A96ED6F0A9FED2B2A20EE024A40
:10AE4000B4EE443AF1EE10FABCBF80ED044A96ED40
:10AE50006F0A20EE013A90ED051AB4EE431AF1EEB6
:10AE600010FA05DDB0EE431A80ED053A96ED6F0A53
:10AE700020EE020AB4EE401AF1EE10FAB8BF80EDEF
:10AE8000050A0021C16004F1380004F13002514686
:10AE900008F0B6FC84F8C80005B0BDE8F08F00BF2C
:10AEA00040F2E845217BC2F20045288801FB00F210
:10AEB000D4E93A01F5F7B5FB2888217B484300FB2C
:10AEC00001F2D4E93E01F5F7ACFB012084F82C0037
:10AED00005B0BDE8F08F00BFCDCCCC3D6666663FC7
:10AEE000DA0FC93F0AD7233C0AD723BC0000000071
:10AEF00010B540F22054C2F2004404F12C0004F1D9
:10AF0000380104F14402F5F7D7FE607868B9DFED47
:10AF1000571A0120607004F13800B0EE612AF0EE9B
:10AF2000612A90EC030A01F0E3FB207801284DD060
:10AF3000022869D194ED0D0A9FED4F1A30EE011AE7
:10AF400094ED0B0A9FED4A5A94ED0C2A30EE055A07
:10AF50009FED4A0AB0EEC13A9FED466A94ED0E4A63
:10AF60004BF2D110F1EE450ACBF6AD20B4EE430A18
:10AF700043F25D31F1EE10FA32EE060A9FED3B2A04
:10AF800032FE011A2061B1EE442A4AF6F820D4EDCF
:10AF90000F1AD4ED102ACBF61331C3F60320C4E9FF
:10AFA000051084ED0B5A84ED0C0A84ED0D1AFFF7A1
:10AFB00063FBF6F725FD84ED130AF6F729FD84ED12
:10AFC000120AF6F72DFD84ED140A1DE094ED040A33
:10AFD00094ED0B3A94ED051A94ED062A94ED0C4A83
:10AFE00033EE000A94ED0D3A34EE011A606833EE48
:10AFF000022A013084ED040A84ED051A84ED062A44
:10B00000606001D202202070A0684CF6CD41CCF6E1
:10B01000CC4149F699124143C1F699124FEA7101A8
:10B02000914203D90130A06010BD00BF40F27811F9
:10B0300094ED110AC2F2004191ED001A30EE410A7E
:10B04000B3EE0E1AB0EEC00AB4EE410AF1EE10FAF9
:10B05000E8DA21780029E5D1E1680131E1600229CF
:10B06000E0D3012121700130A06010BD000000007C
:10B07000D1B1AD3A5D33133BF8AA03BAA69B443B6A
:10B0800040F2D830C2F20040B0F85E0070470000D5
:10B0900040F2D830C2F20040B0F86010B0F86F0053
:10B0A000081A00B27047000040F2D830C2F20040E7
:10B0B000007870470000000080B543F6A4004CF211
:10B0C000C051C2F20040C2F201414FF4C062FEF72B
:10B0D0007FF942F6946040F20F41C2F20040C4F2A0
:10B0E0000201006888426FF0080111DC6F22C4F28F
:10B0F0000202904222DC3F22C4F20202904239DC7A
:10B100001022C4F2020290425CD0282254E000BF18
:10B1100040F26F42C4F2020290421BDC40F23F4216
:10B12000C4F2020290422DDC40F21042C4F202024C
:10B13000904247D040F228423EE000BF9F22C4F236
:10B140000202904228DC7022C4F20202904239D0FE
:10B15000882231E040F29F42C4F20202904223DC96
:10B1600040F27042C4F2020290422BD040F2884278
:10B1700022E000BF4022C4F20202904222D05822B4
:10B180001AE000BF40F24042C4F20202904219D0DD
:10B1900040F2584210E000BFA022C4F202029042E6
:10B1A00010D0B82208E000BF40F2A042C4F2020270
:10B1B000904207D040F2B842C4F20202904218BF57
:10B1C0006FF0040102681140016080BD00000000C2
:10B1D0002DE9F04740F2E8470446C2F20047042652
:10B1E0000173C0F2080642738946837300202074FD
:10B1F00018463E6090469A4609F066FB51466061EB
:10B20000F5F741FA388800FB0AF009F05DFB398850
:10B21000A06101FB0AF1F5F758FA388800FB0AF043
:10B2200009F052FB3988E06101FB0AF1F5F74DFAAC
:10B23000388800FB09F009F047FB3988206201FBE0
:10B2400009F1F5F742FA504609F03EFB51466062BB
:10B25000F5F719FA388800FB09F009F035FB398851
:10B26000206001FB09F1F5F730FA388800FB0AF09D
:10B2700009F02AFB3988606001FB0AF1F5F725FA2D
:10B28000388800FB08F009F01FFB3988A06001FB3B
:10B2900008F1F5F71AFA388800FB09F009F014FBF9
:10B2A0003988C4F8E80001FB09F1F5F70EFA217BB3
:10B2B00004F13000D4F8E830012208F0C1FA3888EF
:10B2C00000FB09F009F000FB3988C4F8EC0001FB31
:10B2D00009F1F5F7FAF9217B04F13800D4F8EC30E4
:10B2E000012208F0ADFAB8F1000F13D0388800FB46
:10B2F00008F009F0E9FA3988C4F8F00001FB08F118
:10B30000F5F7E3F9617B04F14000D4F8F030012255
:10B3100008F096FA388800FB0AF009F0D5FA398867
:10B32000C4F8F40001FB0AF1F5F7CFF9A17B04F1B1
:10B330004800D4F8F430012208F082FA388809FB7A
:10B3400009F6704309F0C0FA3988C4F8F80071436F
:10B35000F5F7BBF9217B04F15000D4F8F8300A4628
:10B3600008F06EFA3888704309F0AEFA3988C4F8EC
:10B37000FC007143F5F7A9F9217B04F15800D4F8DA
:10B38000FC300A4608F05CFA3888704309F09CFAF1
:10B390003988C4F800017143084609F095FA3988E4
:10B3A000C4F80401D4F800017143F5F78EF9388828
:10B3B00006FB00F1D4F80401F5F787F9217B04F1CD
:10B3C0006000D4F800310A4608F03AFA217B04F113
:10B3D0006800D4F804310A4608F032FAB8F1000FD8
:10B3E00013D0388808FB09F5684309F06DFA3988ED
:10B3F000C4F808016943F5F768F9217B04F170008E
:10B40000627BD4F8083108F01BFA38880AFB09F58A
:10B41000684309F059FA3988C4F80C0169430846B1
:10B4200009F052FA3988C4F81001D4F80C016943C4
:10B43000F5F74BF9388805FB00F1D4F81001F5F762
:10B4400044F9227B04F17800A17BD4F80C3108F098
:10B45000F7F9217B04F18000A27BD4F8103108F0C9
:10B46000EFF93888704309F02FFA3988C4F81401CD
:10B470007143F5F72AF9217B04F18800D4F81431DF
:10B480000A4608F0DDF938880AFB0AF6704309F02D
:10B490001BFA3988C4F818017143F5F716F9A17B36
:10B4A00004F19000D4F818310A4608F0C9F9388838
:10B4B000684309F009FA3988C4F81C016943F5F7B3
:10B4C00004F9217B04F19800A27BD4F81C3108F028
:10B4D000B7F93888217B4843484309F0F5F93988A2
:10B4E000227BC4F8200151435143F5F7EEF8388828
:10B4F000217B4843484309F0E7F93988227BC4F8A7
:10B50000240151435143F5F7E0F83888217B484343
:10B51000484309F0D9F93988227BC4F828015143FE
:10B520005143F5F7D2F83888217B484309F0CCF92C
:10B530003988227BC4F82C015143F5F7C6F83888C6
:10B54000217B484309F0C0F93988227BC4F83001D7
:10B55000D4F82C015143F5F7B8F8217B04F1A00091
:10B56000D4F820310A4608F06BF9217B04F1A800D9
:10B57000D4F824310A4608F063F9217B04F1B000C5
:10B58000D4F828310A4608F05BF9217B04F1B800B1
:10B59000D4F82C31012208F053F9217B04F1C000CA
:10B5A000D4F83031012208F04BF9002084F82C0047
:10B5B000A062BDE8F08700002DE9F04F85B0044699
:10B5C000C07B40F2E8450028C2F2004562D02888DE
:10B5D000A17B0022227401FB00F2D4F8F400616820
:10B5E000F5F71FF82888A17B41436068F5F76DF8EF
:10B5F0002888A17B48434143D4F81801F5F765F842
:10B600002888217BA27B484300FB02F1D4F80C017F
:10B61000F5F75BF8A27B5AB30020002104E000BFDD
:10B6200001310430914223D2D4F8F4301F1897ED41
:10B63000000AB5EE400AF1EE10FAF1D0227C676AFA
:10B6400003EB820383ED000AB9546269277C237BF4
:10B65000A669525C17FB0322D4F80C31365803EB71
:10B660008203A27B43F8046C7B1C2374D8E700BFE1
:10B67000207C002800F09D80421EE169636A032A55
:10B68000D4F8189100F0030714D20022002F73D1D0
:10B690008FE000BF2888A17B01FB00F2D4F8F40002
:10B6A0006168F4F7BEFF2888A17B41436068F5F725
:10B6B0000CF891E000F0FC0203F1010C52420492FC
:10B6C00008226FF0030602EBC008102202EB001BF9
:10B6D0000393042200EB40030CEB060E019702EBF0
:10B6E00080070C2202EB830A9EF803204B4602934C
:10B6F00051F82220C9F800209EF8042051F8222099
:10B7000049F807209EF8052051F82290321D43F891
:10B710000890049E06EB02099EF806E019F1040663
:10B7200099461CD00CEB020651F82E5049F80A50ED
:10B73000D944F5780432049B134451F82550C9F8D4
:10B7400000503579043351F8255049F80750757980
:10B7500051F8255049F8085096F806E0E2D140F239
:10B76000E84551F82E3049F80A300432C2F200455B
:10B77000039BDDE90179E7B100F1010C9E5C02FB5E
:10B780000CFE012F51F8266049F82E6011D0561C8E
:10B79000022F06FB0CFE9E5D51F8267049F82E70B4
:10B7A00007D0023202FB0CF79A5C51F8221049F8DC
:10B7B0002710217BA4F87800A4F87A10A4F8801050
:10B7C000A4F88200A4F89000A4F89200A4F89810BD
:10B7D000A4F89A00A4F848002888617B01FB00F2D5
:10B7E000D4F8F000A168F4F71CFF05B0BDE8F08FB5
:10B7F0002DE9F04381B0044690F82A0010B101B061
:10B80000BDE8F08304F1780504F180092846494633
:10B8100008F03AFA264684F8C800B4F8780004F133
:10B82000580826F8A80FB4F85A00A4F8AA00284629
:10B830004146324608F0C4F9274684F8C8003088EB
:10B84000494627F8B00FB4F88200A4F8B200304699
:10B850003A4608F0B5F92146254684F8C80038462E
:10B8600051F8902F45F8A02F2A4607F0C9FF84F819
:10B87000C8002846394607F0E7FF84F8C800B4F846
:10B8800058003080B4F88200A4F8AA004046494627
:10B89000324608F095F984F8C800A5F10802304650
:10B8A000394608F08DF984F8C80001B0BDE8F0838E
:10B8B0002DE9F04F81B08346FFF77EFEDBF8CC1018
:10B8C00009B1584688479BF8280048BB9BF80D00F3
:10B8D000002800F0B5815D469BF80C000BF13001AB
:10B8E000012425F8B80F0BF160002A46ABF8BA40E6
:10B8F00008F066F95E469BF80C1026F8C01FA6F10A
:10B9000080013072A6F150003246748008F058F978
:10B910003072A6F188022846314607F071FF307276
:10B92000DBF8D01009B1584688479BF8290050BB76
:10B930000BF160050BF168062846314608F0A4F9C2
:10B940000BF158078BF8C8000BF1500128463A4616
:10B9500008F036F95D46BBF858108BF8C80025F89A
:10B96000A81F314635F83E0C2A466880384608F054
:10B9700027F98BF8C800A5F1200128463A4607F0C0
:10B980003FFF8BF8C800DBF8D41009B15846884750
:10B990009BF8100040F2E844C2F20044002800F096
:10B9A00087805846FFF724FFDBF8D81009B15846C6
:10B9B00088479BF82B00A8BB58465D460BF138081A
:10B9C000A14630F8781F012425F8B81F41462A46C1
:10B9D000ABF8BA4008F0F4F88BF8C80058465F4658
:10B9E000ABF8C24030F8481F27F8C01F29463A4636
:10B9F00008F02AF95E468BF8C80039462A4636F820
:10BA0000980FABF8BA40288030464C4608F0D8F87A
:10BA10008BF8C800A6F168024046294607F0F0FE00
:10BA20008BF8C800DBF8DC1009B1584688479BF852
:10BA30002C0030BB58465D4630F8982F25F8A82FCB
:10BA40002E4635F82E3CA5F1300126F8082F35F8A2
:10BA50004E2C6A812A466B80A5F1500708F0B0F899
:10BA600085F8200028463946324608F0A9F885F8BE
:10BA70002000A5F158023846314608F0E5F885F86F
:10BA80002000DBF8E01009B1584688479BF80CA06D
:10BA9000BAF1000F2AD0AAF10100DBF82020032818
:10BAA000DBF8F8E00AF00308009223D200276AE0EE
:10BAB0009BF80F0000283FF474AF20889BF80C100F
:10BAC00001FB00F2DBE93A01F4F7ABFD20889BF8BB
:10BAD0000C10484300FB01F2DBE93E01F4F7A1FD45
:10BAE000DBF8E0100029CFD1D0E700BF4FF0000A0B
:10BAF00092E000BF08200AEB4A0400EBCA051020C0
:10BB000000EB0A11042000EB8A030C200AF0FC0C65
:10BB1000083200EB84000027744600BF94ED001A41
:10BB200012ED020A04EB0309B4EE401AF1EE10FA2A
:10BB3000B8BF84ED000A99ED001A12ED010A6619EA
:10BB4000B4EE401AF1EE10FAB8BF89ED000A96ED96
:10BB5000001A92ED000AB4EE401A0437F1EE10FA22
:10BB6000B8BF86ED000A261892ED010A0C44103287
:10BB700096ED001AB4EE401AF1EE10FAB8BF86ED59
:10BB8000000ABC45CAD1B8F1000F41D00AF101004A
:10BB9000009B00FB07F140F2E84403EB8702C2F28E
:10BBA00000440EEB810192ED000A91ED001AB4EE13
:10BBB000401AF1EE10FAB8BF81ED000AB8F1010F9A
:10BBC0002AD07A1C00FB02F103EB82020EEB81010A
:10BBD00092ED000A91ED001AB4EE401AF1EE10FA5F
:10BBE000B8BF81ED000AB8F1020F15D0B91C484367
:10BBF00003EB81010EEB800091ED000A90ED001A3D
:10BC0000B4EE401AF1EE10FAB8BF80ED000A03E07E
:10BC100040F2E844C2F200442088DBF8E8100AFB56
:10BC200000F2DBF80000F4F7FCFCDBF8E41009B1EB
:10BC300058468847DBF8000001B0BDE8F08F00BF30
:10BC40000BF160000BF130010BF1380207F0B8FF87
:10BC50008BF8C800DBF8D01000297FF464AE64E6EE
:10BC600080B582B044F2D8400022C5F602000168D7
:10BC700041F001010160016801F0010101910199A8
:10BC8000016841F0020101600068052100F0020036
:10BC9000009000980B20F8F7DFFF0B20F8F7C8FFA3
:10BCA0000C2005210022F8F7D7FF0C20F8F7C0FF81
:10BCB0000D2005210022F8F7CFFF0D20F8F7B8FF7F
:10BCC0000E2005210022F8F7C7FF0E20F8F7B0FF7D
:10BCD0000F2005210022F8F7BFFF0F20F8F7A8FF7B
:10BCE0002F2005210022F8F7B7FF2F20F8F7A0FF3B
:10BCF000382005210022F8F7AFFF3820F8F798FF29
:10BD00003B2005210022F8F7A7FF3B20F8F790FF22
:10BD10003C2005210022F8F79FFF3C2002B0BDE83F
:10BD20008040F8F785BF000080B543F274004AF206
:10BD30000001C2F20040C4F200014FF0000C0322E7
:10BD400001600D23C0E902CCC0F80FC00821426198
:10BD5000142282611D22C2610A2202620122426211
:10BD600002228262C0E90B32C0F834C00423C0E969
:10BD70000E33C0E91013C0E91213C0E91423C0E95F
:10BD8000161120218366C0E9181CF8F77DF90028F8
:10BD900008BF80BDBDE88040F5F766BD000000002B
:10BDA00080B543F214104AF20041C2F20040C4F2DE
:10BDB00000014FF0030C142301600021C0E90211BF
:10BDC000C0F80F100222C0F814C083611D23C361A4
:10BDD0000A2303620123436282620D22C0E90B231E
:10BDE00040F20642426304220823C0E90E22C0E961
:10BDF0001032C0E91232C0E914C2C0E91633C0E9FA
:10BE000018318266F8F740F9002808BF80BDBDE808
:10BE10008040F5F729BD000080B543F2B4104DF223
:10BE20000041C2F200401D2200F11C0EC4F20001CC
:10BE300001600021C0E90211C0F80F104FF0030C9F
:10BE4000C0F814C00A2383618EE80C10C0E90A32DE
:10BE5000036340F6120242630122C0E90E2104226C
:10BE60008266C0E91022C0E91212C0E91412C0E9CA
:10BE70001611C0E91821F8F707F9002808BF80BD9E
:10BE8000BDE88040F5F7F0BC10B5EAB047F2880095
:10BE9000C0F6010001686391416864918168659111
:10BEA000C16866910169679141696891806969908B
:10BEB00063A8002108F0ECFA40F2B024C2F200447A
:10BEC000206046F6E070C0F6010001685C914168B0
:10BED0005D9181685E91C1685F910169609141697E
:10BEE0006191806962905CA8002108F0D1FA6060DD
:10BEF00047F21800C0F6010001685591416856915B
:10BF000081685791C16858910169599141695A9165
:10BF100080695B9055A8002108F0BAFAA06046F647
:10BF20008C70C0F6010001684E9141684F918168A4
:10BF30005091C16851910169529141695391806951
:10BF400054904EA8002108F0A3FAE06047F23400B4
:10BF5000C0F60100016847914168489181684991A4
:10BF6000C1684A9101694B9141694C9180694D903A
:10BF700047A8002108F08CFA206146F6C470C0F68C
:10BF80000100016840914168419181684291C16816
:10BF9000439101694491416945918069469040A867
:10BFA000002108F075FA606147F25000C0F6010008
:10BFB0000168399141683A9181683B91C1683C912F
:10BFC00001693D9141693E9180693F9039A8002106
:10BFD00008F05EFAA06147F26C00C0F6010001684B
:10BFE00032914168339181683491C168359101691A
:10BFF0003691416937918069389032A8002108F064
:10C0000047FAE06146F6FC70C0F6010001682B912A
:10C0100041682C9181682D91C1682E9101692F9101
:10C0200041693091806931902BA8002108F030FAE5
:10C03000206246F6A870C0F60100016824914168AC
:10C04000259181682691C1682791016928914169EC
:10C05000299180692A9024A8002108F019FA6062C9
:10C0600032A032491D9141681E9181681F91C168BB
:10C0700020910169219141692291806923901DA835
:10C08000002108F005FAA0622FA02F4916914168FF
:10C09000179181681891C168199101691A914169D4
:10C0A0001B9180691C9016A8002108F0F1F9E0624C
:10C0B0002CA02C490F914168109181681191C168A1
:10C0C00012910169139141691491806915900FA82B
:10C0D000002108F0DDF9206329A029490891416871
:10C0E000099181680A91C1680B9101690C914169BC
:10C0F0000D9180690E9008A8002108F0C9F96063CD
:10C1000026A0264901914168029181680391C16886
:10C11000049101690591416906918069079001A820
:10C12000002108F0B5F9A0636AB010BDCE7901080E
:10C1300071D10008010000000000000000010000B3
:10C140000000000000000000007A010841D3000850
:10C1500000000000000000000001000000000000DE
:10C16000000000003E7A010841CB000800000000FA
:10C1700000000000000100000000000000000000BE
:10C18000377A0108D9CD0008000000000000000047
:10C19000000100000000000000000000DF7901083D
:10C1A00091D3000800000000000000000002000021
:10C1B0000000000000000000F0B587B044F2E0404D
:10C1C0000025C5F60200069540F60004012201682C
:10C1D000C5F6020441F0800101600168092601F002
:10C1E000800101910199016841F004010160016839
:10C1F000012701F0040101910199016841F0010159
:10C200000160016801F0010101910199016841F0AB
:10C2100002010160016801F00201019101990168C8
:10C2200041F0080101600068092100F00800019058
:10C2300001982046F8F7F0FB0320059002A920465C
:10C24000CDE902670495F8F70FFB4FF0006000217D
:10C25000FBF7FAFE07B0F0BD10B543F2387443F6B1
:10C260000000C2F20044C4F20000072120604FF435
:10C27000800060600020A060E1604FF000712161EB
:10C280004FF0807161614FF08061A1614FF080419A
:10C29000C4E90710C4E90900E06204F138006163F1
:10C2A0002421F4F712FA2046FBF736FB002808BFDA
:10C2B00010BDBDE81040F5F7D7BA0000000000003F
:10C2C000B0B590B043F2C07041F60005C2F2004034
:10C2D00000240994C4F20005CDE90644CDE90444E4
:10C2E0000560EF21C0E9011440F2E7318461C0E943
:10C2F0000314FCF735FC08B1F5F7B6FA43F2C07049
:10C3000008A9C2F2004008940A94FBF7B5FE08B1F0
:10C31000F5F7AAFA43F2C0746020C2F2004401901B
:10C3200000200590CDE9020001A904222046FCF777
:10C33000B7F908B1F5F798FA2068A84218D040F28A
:10C340000041C4F20001884231D144F2E040802231
:10C35000C5F60200016841F0010101600068032197
:10C3600000F001000B900B980020C5F6020014E0CD
:10C3700044F2E0404FF40042C5F60200016841F08B
:10C3800002010160006800F002000B9000200B9990
:10C39000C5F60200002100F5806000230B92CDE974
:10C3A0000D310BA902220C920F92F8F75DFA10B032
:10C3B000B0BD000000000000B0B594B043F65800D6
:10C3C00040F20045C2F2004000210E91C4F2000587
:10C3D000CDE90C11CDE90911CDE90711CDE9051120
:10C3E000CDE90311CDE9011105600222C0E9012167
:10C3F00063228161C0E90321FBF7AEFE08B1F5F7C6
:10C4000033FA4FF480500B9043F658000BA9C2F258
:10C410000040FBF781FF08B1F5F726FA43F6580014
:10C42000C2F20040FCF79CFB08B1F5F71DFA43F699
:10C43000580008A9C2F20040002408940A94FBF7AF
:10C440001BFE08B1F5F710FA60200394CDE9010452
:10C45000059443F65804C2F2004401A90422204680
:10C46000FCF71EF908B1F5F7FFF941F60001206865
:10C47000C4F20001884215D0A84232D144F2E04013
:10C480008022C5F60200016841F0010101600068E8
:10C49000032100F001000F900F980020C5F6020064
:10C4A00015E000BF44F2E0404FF40042C5F6020040
:10C4B000016841F002010160006800F002000F9085
:10C4C00000200F99C5F60200002100F580600023CE
:10C4D0000F92CDE911310FA9022210921392F8F7B1
:10C4E000C3F914B0B0BD000080B543F6CC1045F2DE
:10C4F0000001C2F2004048F2A062C4F20001C0F2A2
:10C500000102C0E900124FF4805181600021C16036
:10C510004FF4806202610C22C0E90521C0E90711D5
:10C52000C0E90911FDF7B4FC08B1F5F79DF943F630
:10C53000CC100021C2F20040FDF79EF808B1F5F7DB
:10C5400093F943F6CC100021C2F20040FDF74CF8FD
:10C5500008B1F5F789F943F6CC10C2F20040FCF7B8
:10C560001BFF002808BF80BDBDE88040F5F77CB9FF
:10C5700080B543F6A40041F20001C2F20040C4F2CB
:10C5800001010C2201604FF4E13141600021C0E95A
:10C5900002110161C0E90521C0E90711C0E90911D3
:10C5A000FDF776FC08B1F5F75FF943F6A40000212A
:10C5B000C2F20040FDF760F808B1F5F755F943F60F
:10C5C000A4000021C2F20040FDF70EF808B1F5F713
:10C5D0004BF943F6A400C2F20040FCF7DDFE002850
:10C5E00008BF80BDBDE88040F5F73EB900000000FF
:10C5F00080B543F6381044F20041C2F2004048F2E0
:10C600008042C4F20001C0F21E02C0E900124FF4E1
:10C61000805181600021C1604FF4806202610C2270
:10C620000023C0E90521C0E90711C0E90911002173
:10C630000022FBF701F808B1F5F716F943F63810B8
:10C640000021C2F20040FDF717F808B1F5F70CF928
:10C6500043F638100021C2F20040FCF7C5FF08B1D4
:10C66000F5F702F943F63810C2F20040FCF794FEE9
:10C67000002808BF80BDBDE88040F5F7F5B8000090
:10C6800080B542F6601040F2C801C2F20040C2F22A
:10C690000041012204F0F0FC08B1F5F7E5F842F69C
:10C6A000601040F27C11C2F20040C2F2004104F07E
:10C6B00063FF08B1F5F7D8F842F6601040F2182190
:10C6C000C2F20040C2F2004104F0C2F908B1F5F72D
:10C6D000CBF842F66010C2F2004004F079FF08B1D6
:10C6E000F5F7C2F8BDE88040F9F702BC0000000091
:10C6F00080B52DED108B82B020EEA03A4FF07E5029
:10C700000090B0EE61AA9DED004AB0EE629AA0EEF4
:10C71000003AB0EE428AF5EE401AF1EE10FAA1EEC0
:10C72000013AB1EEC33A84EE033A8DED003A9DED45
:10C73000003A23EE20CA23EE01DA22D0B5EE408A79
:10C74000F1EE10FA1CBFB5EE409AF1EE10FA18D0D7
:10C7500028EE081A4FF07E5001909DED012AAAEEB6
:10C760000A1AA9EE091AB1EEC11A82EE011A8DED6C
:10C77000011A9DED011A21EE0AAA21EE088A21EE86
:10C78000099A23EE400AF0EE4D0A09F041F9B0EEA5
:10C7900040BAB0EE4C0AF0EE4D0A09F039F9B0EEAD
:10C7A00040CA09F075FDB0EE40EAB0EE4C0A09F05F
:10C7B0008FFBB0EE40FAB0EE4B0A09F089FBF0EEC9
:10C7C000408AB0EE4B0A09F063FDB5EE40AA9FED3A
:10C7D00050DAF1EE10FA1DD0B5EE408AF1EE10FA03
:10C7E0001CBFB5EE409AF1EE10FA13D028EE001AF5
:10C7F0006EEE010A29EE001A29EE4E0AEAEE280A28
:10C8000098EE4F0AE1EE0F0A09F002F9B6EE001AAF
:10C8100020EE01DAB6EE009A2CEE098AB0EE480A54
:10C8200009F056FB2BEE099AB0EE40AAB0EE490A89
:10C8300009F04EFBB0EE40BAB0EE4D0A09F048FBED
:10C84000B0EE40CAB0EE480A09F022FDB0EE408AD0
:10C85000B0EE490A09F01CFDB0EE409AB0EE4D0A68
:10C8600009F016FD2AEE091A45F6DF1128EE092A0D
:10C87000C5F637712BEE083AB7EE087A21EE404A3A
:10C880002AEE0B5A22EE006AF0EE470AA3EE0C4A9B
:10C8900023EE003AA5EE0C6A22EE4C2AA1EE0C3AE9
:10C8A00024EE041AA5EE002ABEEE000AA6EE061A31
:10C8B000A3EE031AA2EE021A11EE100A21EE000AEC
:10C8C000A1EB600005EE100A40F2EC40C2F200401D
:10C8D00020EE051AE1EE050A20EE851A20EE010A87
:10C8E000A0EE017A21EE070A26EE001A24EE004A95
:10C8F00080ED021A23EE001A80ED034A22EE000AB0
:10C9000080ED041A80ED050A02B0BDEC108B80BDED
:10C910000000000000000000B7EE001A40F2EC40FA
:10C92000C2F2004000214FF07E5281EE000A4160C9
:10C93000C0E90221C0E904118161C0E90711017059
:10C9400080ED090A70470000FEE7000000000000CB
:10C95000B0F90010B0F908208A1A89B212F57A6F7E
:10C9600004DA41F6FF731A4406E000BFB2F57A6FAD
:10C97000C4BF41F6FF73D21A036901811A440261F0
:10C980007047000000000000018801810021C0E91B
:10C990000311704700000000FEE7000000000000E7
:10C9A00086B030A043F66024C2F200442D490191C4
:10C9B000D0E901120291C16800690392CDE9041027
:10C9C00001A9204601F1100801F10C0601F1080748
:10C9D0000D1D00F095FE2046294600F091FE2046F0
:10C9E000394600F08DFE2046314600F089FE204693
:10C9F000414600F085FE40F2BC200021C2F200401A
:10CA000002220023006808F04FFD43F2C075C2F215
:10CA100000450BE004212846FCF77EFB01204FF087
:10CA2000FF3108F071F8142007F022FD204600F0D5
:10CA3000A3FE0028EED1204600F04AFE06460788F5
:10CA400004212846FCF768FB47B128687908C762CB
:10CA5000EF60816304212846FCF7F2F8708807F044
:10CA600007FDE0E777079600ED059600FC049600C9
:10CA7000BC0396000000580240F2785541F64C572E
:10CA800041F6907940F6345643F63814C2F2004528
:10CA90004FF0AA08C2F20047C2F20049C2F20046B3
:10CAA0004FF0FE0AC2F2004497ED060A294697EDC0
:10CAB0000A1A85F840A097ED0E2A31EE400A97ED4C
:10CAC000123A01F8018F33EE421A97ED1A2A97EDC8
:10CAD000163A10EE100A32EE432A97ED223A97EDFD
:10CAE0001E4A11EE102A33EE440AC5F8020012EE77
:10CAF000100AC5F8062010EE102AC5F80A00F86AD8
:10CB00006882F86CA882F86EE882D7F88C002883D7
:10CB1000D9F86400C5F81A003068C5F81E002878F6
:10CB2000C5F80E20D6F80320C5F8212085F83F006F
:10CB300040222046FDF778FB012007F099FCB3E77F
:10CB40004FF4FA7007F094FC41F64C550020C2F205
:10CB50000045CCF2AA2000219FED368AC5F83C01A1
:10CB600040F20A50A5F840010020C4F2A03129602B
:10CB7000C4F2E6209FED309AC5E9011044F6F601B3
:10CB80000020E860CCF2A731C5E9040147F6E120B6
:10CB9000B0EE480ACCF26C1068634FF6E120F0EE7C
:10CBA000490ACCF2B22068654CF2000005F58674A3
:10CBB000C4F28330686705F1BC0001F011F9B0EEF2
:10CBC000480AF0EE490A05F1CC0001F009F99FEDA1
:10CBD0001B8AF0EE490AB0EE480A05F1FC0001F0AC
:10CBE000FFF8B0EE480AF0EE490A05F1DC0001F06A
:10CBF000F7F8F0EE490A05F1EC009FED110A01F09B
:10CC0000EFF8B5EE000AB1EE081AF0EE001AB2EE37
:10CC10000E2AF0EE490A204600F0C6FCB0EE480AA3
:10CC2000204600F0CDFC00BF01F05EFB022007F0C3
:10CC30001FFCF9E70000204200000000CDCCCC3DF5
:10CC40009A99193E0000000041F69C6543F6C838E9
:10CC50004FF4FA60C2F20045C2F2004801E000BFA2
:10CC60000A2007F005FC0027F7F7DEFE044604E083
:10CC7000002014373072F02FF2D0EE19E9597068A5
:10CC8000201A884204D9F06840B180470120F0E7BB
:10CC900030690028ECD08047EAE700BFC82F06D1F2
:10CCA000D8F800000130C8F80000032802D20120A3
:10CCB000DFE700BFF3F740FE0120DAE700000000E5
:10CCC00082B040F2C420C2F20040006807F02CFCA1
:10CCD00043F274040022C2F200444FF0010800271E
:10CCE0002068816921F0010181610121204607F05E
:10CCF00077FA4FF400710022002320460097019735
:10CD000006F076F940F2FF1100220023204600973A
:10CD1000019706F06DF943F2141540F2FF11C2F2CB
:10CD200000450022002328460097019706F060F98D
:10CD300040F29A6940F2F25640F2785AC2F2004943
:10CD4000C2F20046C2F2004A12E000BF00203221C7
:10CD50000022002306F0E0FA4B20F6F731FD002018
:10CD600000210022002306F0D7FA4B20F6F728FD19
:10CD70004FF400710022002320460097019706F02F
:10CD800037F940F2FF110022002320460097019757
:10CD900006F02EF940F2FF110022002328460097EA
:10CDA000019706F025F901210022284607F018FA1C
:10CDB0000120F6F705FD99F80000012803D08AF854
:10CDC0000080F3F78DFEB07A10F0FD0FBED0F7F7BC
:10CDD00083FFBBE70000000040F2DC5007F048FB97
:10CDE00041F690740020C2F200440021C4F20820F1
:10CDF000CCF2A011C4E9580104F638003221002514
:10CE0000C4F84851C4F858512560A561C4F8A4502D
:10CE1000C4F8BC50F4F7E8FD84F8CC59F4F708FEE8
:10CE200001F016FF012007F023FBF9E700000000E6
:10CE3000DFED120AB2EE040AF7EE001AB0EE602A35
:10CE40009FED0D1ADFED0E2AFDF73AFB9FED0D0A5F
:10CE5000FFF762FDF3F724FF40B100BF0A2007F09F
:10CE600007FBF3F71DFF0028F8D100BFFEF740F8DD
:10CE7000012007F0FDFAF9E78096184B6F12833A0C
:10CE80000000000000007A4480B500BF012007F0D8
:10CE9000EFFAFBE70000000040F200049E21C2F21E
:10CEA00000442046F3F711FC00200021002200235B
:10CEB0004FF0000806F030FA4CF6035743F65809D5
:10CEC000C2F201474FF021154FF0210BC2F2004989
:10CED0004FF0010A14E000BFD9F8000004214F23ED
:10CEE0002246C0F83880484687F800A0FBF778FF54
:10CEF00000284FF4FA7018BF87F8008007F0B8FADE
:10CF0000F7F792FD064600BF387850B1F7F78CFD71
:10CF1000801B0328F8D304214846FCF789F987F8D9
:10CF200000804220A08042202560C0F22100C4F889
:10CF300006002120C4F81250C4F82250C0F242006A
:10CF4000C4F81650C4F82650C4F80A00C4F81A50A1
:10CF5000C4F82A50C4F80E50C4F81E50A4F82EB0DD
:10CF6000F7F762FD064600BF387850B1F7F75CFD71
:10CF7000801B0328F8D304214846FCF759F987F8A9
:10CF80000080D9F8000004214F232246C0F83880E1
:10CF9000484687F800A0FBF723FF00284FF4FA70FB
:10CFA00018BF87F8008007F063FAF7F73DFD0646E3
:10CFB000387850B1F7F738FD801B0328F8D30421E7
:10CFC0004846FCF735F987F800802560C4F8125010
:10CFD000C4F82250A4F804B0C4F80650C4F816509F
:10CFE000C4F82650C4F80A50C4F81A50C4F82A509D
:10CFF000C4F80E50C4F81E50A4F82EB0F7F714FD74
:10D00000064600BF387800283FF466AFF7F70CFDFE
:10D01000801B0328F6D304214846FCF709F987F85A
:10D02000008059E70000000082B04FF47A7007F0EA
:10D030001FFA43F214140121C2F2004400222046D8
:10D04000002607F04DF943F6D037B7EE088AC2F252
:10D05000004741F6907907F5947807F50C7A07F1C7
:10D06000080B07F14805C2F200499FED3F9A05E021
:10D07000204607F0A1F8012007F0FAF9B7F91A01E4
:10D08000B7F9121100EE100A404601EE101AB8EE80
:10D09000C00AF8EEC10A00F097FAB7F92202B7F910
:10D0A0001A1200EE100A504601EE101AB8EEC00A2D
:10D0B000F8EEC10A00F088FA5846FFF749FCB7F9C4
:10D0C0000A0097ED050A97ED061AB8EEC00AF8EEC9
:10D0D000C10A01EE100A2846B8EEC11A00F0D4F9D0
:10D0E000B0EE490AB0EE491AF0EE481AD9ED750AC9
:10D0F00099ED842A0121204607F04AF997ED322A5A
:10D1000097ED510A97ED931ABDEEC22ABDEEC00A03
:10D110004FF40071BDEEC11A019612EE100A10EE26
:10D12000102A11EE103A009043F27400C2F200404F
:10D1300005F05EFF99ED510A40F2FF11BDEEC00A05
:10D14000002320460096019610EE102A05F050FFAD
:10D1500099F8200401288ED001210022002887D1CF
:10D16000204607F0BDF886E7000000000000000040
:10D1700082B040F2BC5543F21416C2F2004543F2AD
:10D18000740740F2785840F2C42A05F11C04C2F238
:10D1900000464FF0010B4FF00009C2F20047C2F207
:10D1A0000048C2F2004A02E00F2007F061F9286847
:10D1B000632800F101002860C0F2838043F6CC10A0
:10D1C0001922C2F200402146FCF702F942F6A450AF
:10D1D00040F20F41C2F20040C4F2020100688842EE
:10D1E0006FF0080110DC6F22C4F20202904221DCD1
:10D1F0003F22C4F20202904238DC1022C4F2020242
:10D2000090425BD0282253E040F26F42C4F2020207
:10D2100090421BDC40F23F42C4F2020290422DDCFD
:10D2200040F21042C4F20202904247D040F228423B
:10D230003EE000BF9F22C4F20202904228DC70222E
:10D24000C4F20202904239D0882231E040F29F427B
:10D25000C4F20202904223DC40F27042C4F20202A5
:10D2600090422BD040F2884222E000BF4022C4F21C
:10D270000202904222D058221AE000BF40F24042FF
:10D28000C4F20202904219D040F2584210E000BFAE
:10D29000A022C4F20202904210D0B82208E000BFDF
:10D2A00040F2A042C4F20202904207D040F2B842DB
:10D2B000C4F20202904218BF6FF0040102681140EC
:10D2C000016095F8400002287FF46EAF0121002232
:10D2D000304606F085FF0A20F6F772FA40F2FF1199
:10D2E000002200233846CDF80090CDF8049005F0D8
:10D2F0007FFE0A20F6F764FA4FF400710022002343
:10D300003846CDF80090CDF8049005F071FE0A2063
:10D31000F6F756FA40F2FF11002200233046CDF80E
:10D320000090CDF8049005F063FE88F800B0F3F7A4
:10D33000D7FBDAF8000007F0DBF835E70000000063
:10D34000642007F095F800F06FFC43F6D034C2F289
:10D35000004404F1480000F01FF904F1700000F0EF
:10D360001BF9642007F084F801F0DAFE0A2007F0C8
:10D370007FF8F9E70000000040F2DC5007F078F891
:10D380004FF47A7007F074F8FAE70000000000002C
:10D3900041F6907B40F27C64C2F2004B40F23C5676
:10D3A000C2F200444FF0000AC2F200469FED2D8AFF
:10D3B0009FED2D9A0BF587679FED2CAA4FF0FF0884
:10D3C0009FED2BBA4FF0A509BBF9100340F2584569
:10D3D00097ED001AC2F20045A0F696203AEE411AE7
:10D3E00000EE100A607F5A2205F8302FB0FA80F064
:10D3F0001322B8EEC00A40096870DBF8B000C5F827
:10D400000B00306B20EE080AC5F80700F06AC5F87B
:10D41000030085F802A020EE090A85F81B8010EEB3
:10D42000101A81EE0B0AC5F80F10214620EE090AEA
:10D4300010EE100AC5F81300D4F81900C5F817004B
:10D4400005F11C00F3F7A8F815F81B0C312185F83D
:10D450002F00284685F83090F3F7FEFD012007F0F5
:10D4600007F8B1E7000000390000B4431904064092
:10D47000DB0FC9400000000043F25420C2F200401C
:10D48000F7F71EBE0000000030EE600A90ED133A80
:10D4900090ED0B5A90ED0C7A90ED0F6AD0ED021AD8
:10D4A000B0EEC02AB4EE423A9FED3A2AF1EE10FAFD
:10D4B00090ED0D3A80ED0E3A32FE000A80ED0D0A35
:10D4C00030EE434A90ED083AA0EE056A90ED105A0E
:10D4D000F1EE450A27EE044A90ED0A7A86FE455A97
:10D4E000A0EE074AB4EE606A90ED126AF1EE10FA0F
:10D4F000B1EE467A35FE205AD0ED050A80ED0F5A7E
:10D5000034EE054AB1EE435A84FE466AB4EE474A09
:10D51000F1EE10FA36FE074A90ED097A80ED114AD5
:10D5200034EE411AB0EEC16AB4EE467A90ED017A5B
:10D53000F1EE10FA32FE011A90ED032A80ED042A72
:10D5400080ED031A31EE426AE1EE070A90ED067AA9
:10D55000F1EE472A21EE866AD0ED001A80FEC77AE6
:10D56000A1EE216AF4EE620AF1EE10FA37FE227A99
:10D5700080ED057A36EE070A80FE432AB4EE450AAE
:10D58000F1EE10FA32FE050A80ED070A80ED200A5E
:10D59000704700BF0000000000214161C0E9031195
:10D5A000C16170470000000080EC030AC0ED061A5C
:10D5B000002180ED082A4162704700000000000051
:10D5C00080ED090A7047000030EE600A90ED092AEC
:10D5D00090ED013A90ED025A90ED054AB0EEC01A76
:10D5E000B4EE412A9FED1A1AF1EE10FA31FE000A4C
:10D5F00090ED031A80ED041A80ED030A30EE412A03
:10D60000A0EE034A90ED063AB1EE436A25EE022AF7
:10D6100090ED005A84FE433AA0EE052AB4EE464A45
:10D6200090ED084AF1EE10FAB1EE445A33FE063A94
:10D6300080ED053A32EE032A82FE441AB4EE452A02
:10D64000F1EE10FA31FE050A80ED070A704700BFBF
:10D6500000000000000000000000000000000000CA
:10D66000EFF30980BFF36F8F154B1A681EF0100F90
:10D6700008BF20ED108A20E9F04F10602DE9090065
:10D680004FF0500080F31188BFF34F8FBFF36F8FBF
:10D6900007F09EFD4FF0000080F31188BDE80900FF
:10D6A00019680868B0E8F04F1EF0100F08BFB0EC22
:10D6B000108A80F30988BFF36F8F704700BF00BFE7
:10D6C000EC02002400000000C160027470470000FA
:10D6D00080B5C1880289914202D1002080BD00BF7F
:10D6E000B0F804E0D0F800C04B1CB3FBFEF202FB24
:10D6F0001E325CF82110C280084680BD0000000088
:10D7000010B5B0F808E0044680880EF10102B2FBC3
:10D71000F0F303FB1020E288904208BF10BDD4F85C
:10D720000CC0BCF1000F15D0227C02FB0EC0F2F73A
:10D7300033FF2189A08894F810C04A1CB2FBF0F393
:10D7400003FB10202268E3680CFB013342F8213010
:10D75000208110BD226842F82E10208110BD0000EB
:10D76000B0B5054688000C46F2F748FE2860AC804C
:10D77000B0BD000000000000C1880089081AB0FA9E
:10D7800080F0400970470000F0B581B044F22C47AA
:10D79000C5F6020757F8042C02F00302032A03D14E
:10D7A000012001B0F0BD00BF054657F82C0C0C4617
:10D7B00020F0806047F82C0CF7F736F9064600BFDA
:10D7C00057F82C0C000105D5F7F72EF9801B02281D
:10D7D000F6D964E057F8040CEE6895E80E0020F4E2
:10D7E0007C30012C40EA0130A2F101016FF35F218E
:10D7F0004FF47E4202EB432247F8040C92B24FF002
:10D80000FE4302EB01004FF4FE012A6901EB0641E1
:10D8100001F4FE0103EB0262084402F0FE410844F9
:10D82000F8603868696920F0C00040EA010038609B
:10D830003868A96920F0200040EA010038603868A3
:10D840004FF6F87120F0100038603869EA6920EA74
:10D8500001004FF4001140EAC2003861386808BF87
:10D860004FF4801140F01000002C386008BF4FF4D6
:10D87000002138680843386057F82C0C40F080606D
:10D8800047F82C0CF7F7D0F8044600BF57F82C0CDB
:10D89000000107D4F7F7C8F8001B0328F6D30320CC
:10D8A00001B0F0BD002001B0F0BD0000000000009C
:10D8B000F0B581B044F22C47C5F6020757F8042CA6
:10D8C00002F00302032A03D1012001B0F0BD00BF22
:10D8D000054657F82C0C0C4620F0805047F82C0CCD
:10D8E000F7F7A2F8064600BF57F82C0C800005D5C4
:10D8F000F7F79AF8801B0228F6D964E057F8040C71
:10D90000EE6895E80E0020F07C70012C40EA015092
:10D91000A2F101016FF35F214FF47E4202EB43223B
:10D9200047F8040C92B24FF0FE4302EB01004FF4B3
:10D93000FE012A6901EB064101F4FE0103EB0262DC
:10D94000084402F0FE41084478613868696920F4AF
:10D95000406040EA010038603868A96920F400702E
:10D9600040EA0100386038684FF6F87120F48070A2
:10D970003860B869EA6920EA01004FF0807140EA36
:10D98000C200B861386808BF4FF4000140F48070ED
:10D99000002C386008BF4FF48001386808433860B5
:10D9A00057F82C0C40F0805047F82C0CF7F73CF857
:10D9B000044600BF57F82C0C800007D4F7F734F862
:10D9C000001B0328F6D3032001B0F0BD002001B0F6
:10D9D000F0BD00000000000080B540F2BC501922EC
:10D9E000C2F2004000F11C0143F6CC10C2F200402C
:10D9F000FBF7EEFC42F6A45040F20F41C2F20040A9
:10DA0000C4F20201006888426FF0080110DC6F2246
:10DA1000C4F20202904221DC3F22C4F20202904290
:10DA200038DC1022C4F2020290425BD0282253E07C
:10DA300040F26F42C4F2020290421BDC40F23F42CD
:10DA4000C4F2020290422DDC40F21042C4F2020203
:10DA5000904247D040F228423EE000BF9F22C4F2ED
:10DA60000202904228DC7022C4F20202904239D0B5
:10DA7000882231E040F29F42C4F20202904223DC4D
:10DA800040F27042C4F2020290422BD040F288422F
:10DA900022E000BF4022C4F20202904222D058226B
:10DAA0001AE000BF40F24042C4F20202904219D094
:10DAB00040F2584210E000BFA022C4F2020290429D
:10DAC00010D0B82208E000BF40F2A042C4F2020227
:10DAD000904207D040F2B842C4F20202904218BF0E
:10DAE0006FF0040102681140016080BD0000000079
:10DAF00000F1100180ED0A4B81EC060B80ED0C3B30
:10DB0000704700000000000043F23870C2F200408D
:10DB1000F9F7DABD00000000016840F26F32D1F879
:10DB200014C08B6943F008038B618B6943F01003C9
:10DB30008B610B6823F001030B600B6923EA02027F
:10DB40000A618A6822F440428A6090F88120042A9F
:10DB500018BF1CF0200209D0D0F8842042F08002C7
:10DB6000C0F884208A6942F020028A6190F88120FE
:10DB7000032A18BF1CF040020CD15FEA8C5216D465
:10DB80005FEACC5220D40021A0F86210A0F86A10FD
:10DB9000704700BFD0F8842042F00402C0F884200F
:10DBA0008A6942F040028A615FEA8C52E8D5D0F877
:10DBB000842042F00102C0F884208A6942F4007295
:10DBC0008A615FEACC52DED5D0F8842042F00802A8
:10DBD000C0F884208A6942F480728A610021A0F82A
:10DBE0006210A0F86A107047806B0021A0F86A10DC
:10DBF000A0F86210012180F88110F9F761BD0000E2
:10DC0000074B19680868B0E8F04F80F30988BFF344
:10DC10006F8F4FF0000080F31188704700BF00BF86
:10DC2000EC0200240000000010B52DED0A8B43F635
:10DC3000D0349FED4A8AC2F20044F0EE480A41F621
:10DC400064109FED450AA4F8220304F5497000F022
:10DC5000C7F804F10800FEF797FE9FED439AB1EE76
:10DC6000080AB2EE001AB0EE492A04F14800DFEDCE
:10DC70003C0ADFED3C1AFFF797FCB2EE081AF0EE13
:10DC8000480AB0EE492A04F170009FED380ADFED32
:10DC9000381AFFF789FCB3EE09AAB1EE04BAF0EE28
:10DCA000480AF0EE481AB0EE492A04F59470B0EE36
:10DCB0004A0AB0EE4B1AFFF777FCB0EE4A0AF0EED4
:10DCC000480AB0EE4B1AF0EE481AB0EE492A04F5B5
:10DCD0000C70FFF769FCB1EE04BB04F5EC709FED2E
:10DCE000168B9FED179B9FED18AB9FED19CBB0EEF8
:10DCF000480BB0EE491BB0EE4A2BB0EE4C3BB0EEF9
:10DD00004B4BFFF7F5FEB0EE480B04F53870B0EE64
:10DD1000491BB0EE4A2BB0EE4C3BB0EE4B4BFFF73D
:10DD2000E7FE0020A4F81A01A4F822022071BDEC3D
:10DD30000A8B10BD00BF00BFB56CAD2F12DAA23F39
:10DD40001399B9C0E5A36940F6285C8FC2F5044079
:10DD5000986E1283C06A3B4000000C430000000034
:10DD60009A99193E0080BB4500007A46CDCC4C3FC5
:10DD70008FC2F53D00000000B0B543F6D035002855
:10DD8000C2F200459FED131A05F54974B5F9221347
:10DD9000204600EE101AB8EEC00A01FE000A00F09C
:10DDA00053F8204600F024F8204600F015F8B1EEB4
:10DDB000400ABDEEC00A10EE100AA5F81A0120466E
:10DDC00000F00AF8BDEEC00A10EE100AA5F8220213
:10DDD000B0BD00BF0000000090ED020A70470000D7
:10DDE0000021016080ED010A8160C0ED030A7047E7
:10DDF00090ED001A90ED033A90ED020A30EE412AC0
:10DE0000B0EEC24AB4EE434AF1EE10FA1ADB90EDDE
:10DE1000013AB4EE434AF1EE10FA0FDBB5EE402AB8
:10DE2000F1EE10FA02DA30EE031A07E0B5EE402AFE
:10DE3000F1EE10FAD8BF704730EE431AB0EE410A47
:10DE400080ED021A7047000080ED000A7047000064
:10DE5000FEF716FC012006F00BFBFBE700000000BC
:10DE600080B54FF0500080F31188BFF36F8FBFF380
:10DE70004F8F07F0ADFB30B14EF604504FF080519C
:10DE8000CEF200000160002080F3118880BD000008
:10DE9000B0B59CB044F61804022000251195CDE9D8
:10DEA0000F55CDE90D55CDE90B550895C5F6020482
:10DEB000CDE90655CDE90455CDE902550195F7F7B1
:10DEC000EFFF0095206820F440402060206800F4B7
:10DED0004040009000982068800409D420688004A5
:10DEE0005CBF20685FEA804002D420688004F2D5DD
:10DEF000212009904FF480300A9001200F900221D8
:10DF00002822CDE9152004201491CDE917010C2019
:10DF1000199009A80024CDE91211CDE91A44F9F7A6
:10DF2000FFF828B1EFF3108072B600BFFEE700BF24
:10DF30003F20019003204FF48061CDE902040820C6
:10DF400004904020CDE90500CDE9071001A8032188
:10DF5000F8F772FE20B1EFF3108072B6FEE700BF53
:10DF60001CB0B0BD000000004EF6885042F2000C1C
:10DF7000CEF20000C5F2002C026842F4700202608A
:10DF8000DCF8000000F00F00062806D8DCF80000DE
:10DF9000072262F30300CCF8000044F200404EF682
:10DFA0007F51C5F60200CEF6F621026842F001026A
:10DFB000026000220261036819400160DCF8001071
:10DFC000090706D5DCF80010072363F30301CCF83A
:10DFD000001040F200218261C261C0F2022102629F
:10DFE00081620021C0F2FF11C16240F28021C0F2C3
:10DFF0000111016342638163C26301644264016889
:10E0000021F4802101600266D0F8D410C90448BF11
:10E010007047D0F8D41043F2D20241F48051C0F8D6
:10E02000D41044F20001C5F200210A60D0F8D410E7
:10E0300021F48051C0F8D4107047000000000000A7
:10E0400043F60C00C2F20040FAF76EBA000000007E
:10E0500043F2C070C2F20040FAF766BA0000000056
:10E0600010B540F6FF32D0F800E0C4F20002904252
:10E0700010DCB0F1804F1ED040F20043C4F2000328
:10E08000984218D040F60003C4F20003984212D020
:10E0900016E000BF40F60043C4F2000398420AD0E5
:10E0A00040F20043C4F20103984204D00023C4F2BA
:10E0B0000103984204D12EF070024B6843EA020E2D
:10E0C0004EF2FF3343F6FF7CC4F20003C4F2010CAE
:10E0D000984213DD60452BDC4EF20043C4F200038E
:10E0E000984242D00023C4F2010398423DD040F24E
:10E0F0000043C4F20103984237D03BE040F2FF7383
:10E10000C4F20003984227DD40F60003C4F2000386
:10E1100098422AD040F60043C4F20003984224D02B
:10E120004EF20003C4F2000398421ED022E000BF6A
:10E1300044F20003C4F20103984216D044F60003EF
:10E14000C4F20103984210D044F20043C4F2010328
:10E1500098420AD00EE000BFB0F1804F05D040F2E7
:10E160000043C4F20003984204D12EF44072CB68FD
:10E1700043EA020E4B6960450A688C68C462826299
:10E1800012DD44F20002C4F20102904217D044F6BC
:10E190000002C4F20102904211D044F20042C4F2E3
:10E1A000010290420BD00CE00022C4F20102904226
:10E1B00005D040F20042C4F20102904201D1096947
:10E1C0000163016841F004010160012141612EF009
:10E1D00080011943016010BD10B5846B616A8142F2
:10E1E00012D0A16A814219D0E16A814220D0216B0C
:10E1F000814226D1C06900284FF00800207720D145
:10E20000012084F841001CE0C06900284FF00100A3
:10E21000207716D184F83E0013E000BFC0690028C3
:10E220004FF0020020770CD1012084F83F0008E075
:10E23000C06900284FF00400207702D1012084F843
:10E2400040002046FAF7E0FC0020207710BD0000D7
:10E2500010B5846B616A81420AD0A16A814209D0FB
:10E26000E16A814208D0216B814207D1082004E095
:10E27000012002E0022000E0042020772046FAF787
:10E28000DBFC0020207710BD10B5846B616A8142F1
:10E290000CD0A16A81420FD0E16A814212D0216B79
:10E2A000814215D0012084F83D0016E0012020773E
:10E2B00084F83E0011E000BF02202077012084F89E
:10E2C0003F000AE004202077012084F8400004E0A9
:10E2D00008202077012084F841002046FAF71CF935
:10E2E0000020207710BD00002DE9F04381B02DED16
:10E2F000108B41F64C5641F69078C2F2004640F23F
:10E30000F255C2F20048C2F2004548F2000096F809
:10E310004811C4F28930C6F83C0198ED960A9FED89
:10E320008D1A687A86ED510A30EE010A012986EDD0
:10E330004D0A03D0022801D1012004E0012908BFC1
:10E34000032802D1002086F84801A87A40F28C39CF
:10E35000C2F20049012805D0032807D1012086F820
:10E360004C0108E0002086F84C01F5E096F84C01DD
:10E37000012840F0F1804CF6C447B7EE088AC2F29B
:10E38000014799ED010A06F1BC0497F8340020EE2C
:10E39000080AB0FA80F0400986F848012046FFF7E5
:10E3A00053FD99ED020A06F1CC0520EE080A284635
:10E3B000FFF74AFD96ED4D0A9FEDD18A20EE080A3F
:10E3C0009FEDD09A80EE090AB7EEC00A07F008FF69
:10E3D00096ED4D1A21EE081A81EE091AB7EEC09B90
:10E3E000B7EEC10A07F01CFDB7EEC0AB2046FFF741
:10E3F000F3FC2846B0EE408AFFF7EEFC20EE090A57
:10E40000204698EE4A0A86ED250AFFF7E5FC2846E5
:10E41000B0EE408AFFF7E0FC20EE0A0A2046A8EEA4
:10E42000490A86ED260AFFF7E3FC2846FFF7E0FCE1
:10E4300006F1FC00FFF7DCFC96ED000A96ED011AF0
:10E4400030EE010AB5EE001A9FEDDA2A97F8340093
:10E4500020EE010A9FEDD81A002881EE000A9FEDF8
:10E46000D71A80EE010A9FEDD61A80EE010A9FEDC1
:10E47000D51A30EE000A20EE010A96ED021A21EEBE
:10E48000022A86ED282A21EE000A9FEDCF1A86ED9A
:10E49000292A80EE010A86ED2A0A18BF012086F893
:10E4A0004801012800F0F180002840F0BB819FED79
:10E4B000C78A96F84C41B0EE480A06F1FC00FFF717
:10E4C000C3FC96ED4D1A9FEDC22A9FED8E4A0020A7
:10E4D00031EE020A9FEDBF3AB4EE441A0021F1EE8C
:10E4E00010FAA8BF0120B4EE414AF1EE10FA31FE55
:10E4F000000AB4EE430AF1EE10FAB8BF0121002C75
:10E5000040EA010000F0CE8058B19FEDB31AB4EE9E
:10E51000403A30EE011AF1EE10FA31FE001A86EDA3
:10E520004D1A4CF6C440C2F2014090F83700012861
:10E5300040F0308196ED4E0A31EE405AB1EE400A7D
:10E54000B4EE445AF1EE10FA40F34A819FEDA22A4C
:10E550004BE100BF008089C3B5F9040096ED281A8D
:10E560009FED9E8A06F1BC0400EE100A2046B8EE2C
:10E57000C00A20EE410A80EE080AFFF765FCB5F9F3
:10E58000060096ED291A06F1CC0500EE100A284681
:10E59000B8EEC00A21EE000A80EE080AFFF754FC2C
:10E5A00096ED4D0A9FED568A20EE080A9FED559A8A
:10E5B00080EE090AB7EEC00A07F012FE96ED4D1A7A
:10E5C00021EE081A81EE091AB7EEC09BB7EEC10A18
:10E5D00007F026FCB7EEC0AB2046FFF7FDFB284650
:10E5E000B0EE408AFFF7F8FB20EE090A204698EECD
:10E5F0004A0A86ED250AFFF7EFFB2846B0EE408A6F
:10E60000FFF7EAFB20EE0A0A2046A8EE490A86ED4B
:10E61000260AFFF7EDFB2846FFF7EAFB06F1FC00B0
:10E62000FFF7E6FB96ED000A96ED011A30EE010ABF
:10E63000B5EE001A9FED5F2A96F8480120EE010A18
:10E640009FED5D1A81EE000A9FED5C1A80EE010AD3
:10E650009FED5B1A80EE010A9FED5A1A30EE000A18
:10E6600020EE010A96ED021A21EE022A86ED282AF2
:10E6700021EE000A9FED541A86ED292A80EE010A48
:10E6800086ED2A0A01287FF40FAF96F84C01002886
:10E69000D6F80401C6F89C0036D0B6EE001A20EE7B
:10E6A000010A71E058B19FED4C1AB4EE403A30EED9
:10E6B000011AF1EE10FA31FE001A86ED4D1AF1EE54
:10E6C000410AB0EE480A06F58670FEF77DFF96ED2A
:10E6D000410A96ED4A1A96ED2A2A31EE000AB1EE69
:10E6E000421A98F8CC0980FE422AB4EE410AF1EEB3
:10E6F00010FA32FE010A002800FE080A90E000BF6E
:10E70000DB0F49C00000344306F1BC042046FFF78C
:10E7100063FB2046B0EE408AFFF75EFBB1EE401A85
:10E72000B5EE408AF1EE10FAB8BFB0EE410A06F13C
:10E73000CC0496ED281A204680EE019AFFF74CFB98
:10E740002046B0EE408AFFF747FBB1EE401AB5EE27
:10E75000408AF1EE10FAB8BFB0EE410A96ED291AE0
:10E76000B7EE002A80EE010A9FEDEA1A39EE000AA0
:10E77000B4EE410A9FEDE80AF1EE10FA96ED2A1A7E
:10E7800030FE020A21EE000A06F1FC00FFF75CFBF6
:10E7900048E000BF96ED2A0A99ED002AB1EE401A32
:10E7A00082FE400AB4EE412AF1EE10FA30FE010A70
:10E7B00036E000BFC39054420000FA4500007042AA
:10E7C0003C3C7C41DB0F4940F4FDB43F00000000BD
:10E7D0000000B4C3000034C30000B443000025446B
:10E7E000B4EE435AF1EE10FA02DA72EE410A01E099
:10E7F000F1EE410A06F58670FEF7E6FE96ED410A57
:10E8000096ED4A1A96ED2A2A31EE000AB1EE421A26
:10E8100080FE422AB4EE410AF1EE10FA32FE010AFD
:10E8200086ED270A96ED070A1FED178A96ED051A61
:10E830001FED179A30EE410A96ED0D2ADFEDD58ACD
:10E8400000240FF2F838002530EE081AB4EE409A92
:10E85000F1EE10FA30FE010A96ED0F1A31EE421A6F
:10E8600030EE092AB5EE400A31EE083AF1EE10FA20
:10E87000B8BFB0EE420AB4EE419A96ED005AF1EEFE
:10E8800010FA96ED017AD6ED040A31FE031A96EDE0
:10E89000172A96ED153A35EE075A96ED416A32EE93
:10E8A000433A31EE092AB5EE401AB0EEC66AF1EEEF
:10E8B00010FAB8BFB0EE421A9FEDDD2AB7EEE07A4B
:10E8C00025EE025AF5EE000AB7EEC66AD6ED031A37
:10E8D000B7EEE1BAD6ED273A25EE205AD6ED2A0A50
:10E8E00027EE067BB7EEE0AAD6ED1F2A33EE084AE4
:10E8F000B7EEC5CA87EE0A7B26EE0B5BB4EE439AF1
:10E90000F1EE10FA85EE0A5B33FE043A3CEE474B1B
:10E9100037EE0C6BD6ED1D7A33EE097A34EE45AB4B
:10E92000B5EE403A36EE05BB72EEE72AF7EECA0BBB
:10E93000F7EECB1B96ED25AA96ED26BA63EEA00A5C
:10E9400034EE054B36EE455BC0EE820A63EEA11A4B
:10E95000B7EEC55B3AEE20CA7BEE200A23EE855A5D
:10E96000F1EE10FA60EEA07AB8BFB0EE473A32EEA0
:10E97000887A86ED0E1A4CEE0C7A86ED060AB4EE15
:10E98000629A96ED02FAC1EE821A86ED163AF1EE1F
:10E9900010FA2FEE28FA72FE872AB7EEE7DA7BEE3E
:10E9A000619A32EE890AF5EE402AB1EECD6BB7EEF0
:10E9B000C4DB7AEE211A29EEA9EA63EE8D5AF1EE54
:10E9C00010FAB8BFF0EE402AC5EE823AC9ED070A48
:10E9D00085EE022AC6ED1E2A01EEA1EA89ED03CAE0
:10E9E0003AEE63DA9FED94CA7BEE233A89ED05DABD
:10E9F0003BEE421AC9ED041A3AEE42AAC9ED089A52
:10EA000023EEA32A89ED06AA21EE010AC9ED093AEF
:10EA10009FED814B0DEE0D2A9FED8CDA0AEE0A0A6E
:10EA20009FED81AAB7EECF7A89ED0A1A26EE046B24
:10EA3000B7EECEEA86EE075BB7EEC22AB7EEC00AA3
:10EA40009FED776BB1EECEBB25EE065BB1EEC22B30
:10EA5000B1EEC00BBDEEC53B9FED74EA2BEE045B3F
:10EA600022EE042B20EE040B85EE075B82EE072BD3
:10EA700080EE070B25EE065B22EE062B20EE060B42
:10EA800089ED0B3ABDEEC53BBDEEC22B9FED69BAD9
:10EA9000BDEEC00B89ED0C3A89ED0D2A89ED0E0A09
:10EAA00012E000BF30EE0B0AF96A87ED0F0A494207
:10EAB000F96206EBC5020435102D04F1200480ED47
:10EAC0000A0AD16200F0A28009EB0507F86A88B152
:10EAD00097ED031AB5EE401AF1EE10FA1ED1B0EE22
:10EAE0004C0AB5EE401A87ED0F0AF1EE10FA2ADA59
:10EAF00034E000BF06EBC500008E01B280EAE130D1
:10EB0000A0EBE13080B2642846D208EB050090ED1E
:10EB1000000A50E0CDCC4C3D9A99193F97ED070A79
:10EB200080EE010A07F0CAF880EE0E0A97ED031A8C
:10EB300020EE0A0AB0EEC00AB5EE401A87ED0F0AC1
:10EB4000F1EE10FA0ADB97ED072AB5EE402AF1EE56
:10EB500010FA03DD39EE400A24E000BFB5EE401A9A
:10EB6000F1EE10FA06DA97ED072AB5EE402AF1EE3B
:10EB700010FA15DAB5EE401AF1EE10FA14DC97ED42
:10EB8000071AB5EE401AF1EE10FA0DDA3AEE400A25
:10EB900008E000BFDB0FC94097ED0F0A0DE000BF92
:10EBA00030EE0A0A87ED0F0AB4EE490AF1EE10FAC8
:10EBB00003DB30EE080A87ED0F0A3019B0EE483A51
:10EBC00090ED061A30EE412AB4EE4A2AF1EE10FA20
:10EBD00006DAB0EE493AB4EE4B2AF1EE10FA03DA57
:10EBE00030EE030A87ED0F0A30EE411AB4EE4C1AEC
:10EBF000F1EE10FABFF656AFB4EE4D1AF1EE10FA80
:10EC000002DA30EE0A0A4FE7F96A52E7BDEC108BE0
:10EC100001B0BDE8F08300BF0000000000004EC05E
:10EC20000000008087872F4000003443DB0F4940FD
:10EC3000F4FDB43F000034C30000B44200000743B9
:10EC40000000344200003442000007430000B4C218
:10EC5000F0B581B02DED028B40F2604641F6907424
:10EC6000C2F20046C2F20044707B00EE100A04F6C5
:10EC70003800B8EE400AF2F747FE41F64C5140F238
:10EC80005867C2F20041C2F2004791F84C0187ED8B
:10EC9000040A002840F0B58040F2F2520025C2F28A
:10ECA0000042B2F91A3013F5C87FB8BF012584F8C5
:10ECB000CC5927DA737B2BB394ED2F4A9FED8E0A44
:10ECC00084EE001ABEEE002AB6EE003AB5EE401A07
:10ECD000F1EE10FA33FE025A31EE051AB6EEC15AC1
:10ECE00096ED011AA5EE001A31EE445A9FEDF14A55
:10ECF000B4EE445AF1EE10FA40DD9FEDEF5A31EEDA
:10ED0000051A44E0B2F90030B2F9022000EE103AE0
:10ED100002EE102A9FEDEA1BB8EEC00BB8EEC22B34
:10ED20009FEDEB3B20EE010B22EE031B9FEDE62B4C
:10ED300094ED563A81EE021BB7EEC33A80EE020B19
:10ED400094ED2F2A31EE031BB7EEC22A94ED583A08
:10ED5000B7EEC11B32EE000B94ED592A83FE413A07
:10ED6000B4EE421AF1EE10FAB7EEC01B33FE020AFF
:10ED700084ED2F1A84ED061A41E000BF9FEDD86A9A
:10ED8000B4EE465AF1EE10FA01DA31EE001A94EDC3
:10ED9000065A84ED2F1A85EE006AB5EE406AF1EE50
:10EDA00010FA33FE022A36EE022AB6EEC23A96ED89
:10EDB000002AA3EE002A32EE453AB4EE443AF1EED0
:10EDC00010FA03DD9FEDC70A07E000BF9FEDC41AEC
:10EDD000B4EE413AF1EE10FA01DA32EE002A96ED85
:10EDE000020A94ED581A94ED593A80FE411AB4EE95
:10EDF000430A84ED062AF1EE10FA31FE030A84ED8F
:10EE0000560A91F84811B6EE008AB7A29FEDB80AEB
:10EE1000012908BF043208FE000A01281168216692
:10EE200084ED130A40F0F88040F2F2500122C2F261
:10EE3000004084F8CC29417A0139B1FA81F14FEAD6
:10EE4000511184F8CD1959D1707B002800F09480BD
:10EE500043F6D0300121C2F2004080F82013012097
:10EE6000FEF78AFF94ED060A9FED9B1A80EE010AD9
:10EE7000BEEE002A96ED003AB5EE400AF1EE10FA29
:10EE800038FE022A30EE020A96ED012A32EE432ABB
:10EE9000B6EEC00AA0EE013A94ED030A84ED063AFC
:10EEA00032EE031A31EE402A9FED921AB4EE412A57
:10EEB000F1EE10FA0ADCB0EE421A9FED8F3AB4EE92
:10EEC000432AF1EE10FA01DAB0EE431A30EE010AED
:10EED00096ED021A94ED582A94ED593A81FE422A91
:10EEE00084ED2F0AB4EE431AF1EE10FA32FE030A53
:10EEF00084ED560A90E000BF0000B443B0F9001062
:10EF00009FED6F1B00EE101AB0F902009FED702B01
:10EF10009FED6D3BB8EEC00B20EE010B01EE100A29
:10EF200080EE030BB8EEC11B21EE021B94ED562AB6
:10EF3000B7EEC22A81EE031B94ED2F3AB7EEC33A27
:10EF400031EE021B94ED582A33EE000BB7EEC11BD5
:10EF500094ED593AB7EEC00B82FE412A84ED2F0A98
:10EF6000B4EE431A84ED060AF1EE10FA32FE030AFB
:10EF700084ED560A50E000BF40F2B0059FED601AE4
:10EF8000C2F200459FED5D2A97ED023A43F6D0307C
:10EF900095ED010A95ED004A20EE010AC2F200400B
:10EFA000002195ED028A80F82013A0EE023A94ED3C
:10EFB0002F0A04EE020A9FED532A33EE022A84ED53
:10EFC0002F0AB4EE413A84ED060AF1EE10FA32FE51
:10EFD000030A87ED020A04F077FE95ED031A3878EC
:10EFE000A8EE001A012803D197ED030A04E000BF40
:10EFF000B0EE410A0120387094ED562A31EE400AF5
:10F0000031EE423A9FED404A87ED031A03EE040ABF
:10F0100032EE000A84ED560AF2F7EEFDD4ED2C0A2A
:10F0200094ED2F0A94ED2E1A04F1C400F2F730F893
:10F03000D4ED030A94ED060A04F14800FEF7C4FA81
:10F0400094ED190A9FED318AD4ED530A80EE081A27
:10F0500094ED560A04F5DC7084ED191AFEF7B4FA43
:10F0600094ED530A9FED2A1A20EE010A94ED841ABA
:10F0700081EE088A9FED191A80EE010A04F078FBF0
:10F0800094ED531A94ED562A04F5876031EE421A36
:10F090009FED203A90ED002AA0EE038A9FED1E0A14
:10F0A00001EE002A84ED848A87ED012ABDEC028BF3
:10F0B00001B0F0BD000034430000B4C300BF00BF86
:10F0C000333333333333D3BF0000000000A0844018
:10F0D000666666666666D63F0000B4430000344349
:10F0E000000034C30000B4C300007A440080BB4574
:10F0F000CDCCCC3D00003442000034C26F12833AC4
:10F10000DB0FC940DB0FC9C00AD7A33C00007AC49B
:10F11000DB0F494056E76DBF34FA8E3C000000001B
:10F1200010B52DED028B84B040F27C60B2EE041A73
:10F13000C2F2004043F6D034C2F20044D0F81900C5
:10F1400000EE100AB4EE410AF1EE10FA0ADD84ED89
:10F15000CE0A94EDD01AB4EE410AF1EE10FA0AD1BB
:10F160004FE000BF94EDCE0A94EDD01AB4EE410A00
:10F17000F1EE10FA45D09FEDD41AB4EE410AF1EE4B
:10F1800010FA1BDD40F24C40C2F200400178013120
:10F190000170CAB2022A34D3B4F8221300220280CA
:10F1A000A1F13C00B4F81A11A4F82203B4F8220229
:10F1B0003C31A4F81A113C3821E000BF9FEDDF1A62
:10F1C000B4EE410AF1EE10FA1BDA40F24C40C2F202
:10F1D0000040417801314170CAB2042A11D3B4F819
:10F1E00022130022427001F13200A4F82203B4F885
:10F1F0002202B4F81A1132303239A4F81A11A4F8E4
:10F20000220241F64C5084EDD00AC2F2004090F840
:10F210004C01C0BB40F2F25C40F24C42C2F2004CE6
:10F22000C2F20042BCF91A10B1F5C87F18DD93682C
:10F23000B3F5C87F14DC94F820333BB1002384F885
:10F240002033A4F81A31A4F8223209E0B4F82233AA
:10F25000A4F822325842A4F81A01012084F82003AD
:10F2600041F690709160C2F2004090F8CC0950B91C
:10F2700094F820039CF80910002818BF03200129E6
:10F2800018BF00202071D4E90501081A41F21211BB
:10F2900048BF404288421FD3207902281CD0B4F8CE
:10F2A00046030130A4F8460381B265290AD3002041
:10F2B000A4F8460302202071FBF7EAFE142805DBC0
:10F2C00011E000BFFBF7E4FE14280CDA20790138C6
:10F2D000042848D92EE100BF0020A4F84603FBF71C
:10F2E000D7FE1428F2DBFBF7D3FE23280EDCFBF756
:10F2F000C7FE00EE100A9FED941AB8EE400A81EEA8
:10F30000000A9FED921A20EE010A1BE0FBF7C0FEF7
:10F3100064281DDCFBF7BCFEC0F164009FED881A79
:10F3200000EE100AB8EEC00A20EE010A9FED851A21
:10F3300080EE018AFBF7A4FE00EE100AB8EE400A48
:10F3400088EE000ABCEEC00A10EE100A01E000BF11
:10F35000002040F24C41C2F200414860207901385F
:10F36000042800F2E780DFE800F0032141E55F00B8
:10F37000FBF79AFE002800F0AF80FBF789FE142807
:10F38000C0F2AA80FBF784FE232859DCFBF778FE45
:10F3900000EE100A9FED6C1AB8EE400A81EE000AEA
:10F3A0009FED6A1A20EE010A66E000BF40F2777016
:10F3B0000321C0F296000390CDE9010001A8F1F706
:10F3C0007FFD60694CF6CF41401A60614FF4FA70DE
:10F3D00005F04EF8606944F2454108446061002040
:10F3E000207104B0BDEC028B10BD00BFFBF75CFECA
:10F3F000002800F08580FBF74BFE1428C0F28080C7
:10F40000FBF746FE23283DDCFBF73AFE00EE100A30
:10F410009FED4D1AB8EE400A81EE000A9FED4B1A9F
:10F4200020EE010A4AE000BFFBF73EFE002853D061
:10F43000FBF72EFE14284FDBFBF72AFE2328A5DD61
:10F44000FBF726FE642841DCFBF722FEC0F16400D6
:10F450009FED3B1A00EE100AB8EEC00A20EE010A3A
:10F460009FED381A80EE018AFBF70AFE00EE100AC3
:10F47000B8EE400A88EE000ABCEEC00A10EE100A90
:10F4800025E000BFFBF704FE642833DCFBF700FE39
:10F49000C0F164009FED2A1A00EE100AB8EEC00A0F
:10F4A00020EE010A9FED271A80EE018AFBF7E8FDA6
:10F4B00000EE100AB8EE400A88EE000ABCEEC00A60
:10F4C00010EE100A17E000BF0000B441002040F227
:10F4D0004C41C2F200414860D4E90501411A40F6AE
:10F4E0005B72914226DC44F2454108446061002091
:10F4F000207110E0002040F24C41C2F2004148600F
:10F50000D4E90501411A40F65B72914212DC48F6DB
:10F510008A010844606140F24C402168C2F2004018
:10F5200001312160406804B0BDEC028BBDE81040A1
:10F5300004F09EBF04B0BDEC028B10BD0000AC41D6
:10F5400000409C4500008C4200401C46AE47813F75
:10F5500043F6CC10C2F20040FAF7E2B80000000017
:10F56000816A0A070CD4CA0715D18A071ED44A0734
:10F5700027D4CA0630D48A0639D44A0655D541E084
:10F580000268D0F838C0536823F4004343EA0C0300
:10F590005360CA07E9D00268D0F82CC0536823F43E
:10F5A000003343EA0C0353608A07E0D50268D0F8C1
:10F5B00030C0536823F4803343EA0C0353604A0796
:10F5C000D7D50268D0F834C0536823F4802343EAC7
:10F5D0000C035360CA06CED50268D0F83CC09368CD
:10F5E00023F4805343EA0C0393608A06C5D502686E
:10F5F000D0F840C0936823F4005343EA0C039360AF
:10F600004A0612D50268D0F844C0BCF5801F536882
:10F6100023F4801343EA0C03536006D1536823F4A8
:10F62000C00C836C43EA0C035360090658BF704753
:10F630000168C06C4A6822F4002210434860704799
:10F64000B0B582B004460020C4F89000F5F7ECF99C
:10F65000216805460A68120737D54FF400110022C9
:10F660006FF07E40009020462B4600F0F1FD58B32D
:10F67000206850E8000F216820F0800041E8000277
:10F68000F2B1206850E8000F216820F0800041E8C6
:10F690000002002A1FBF206850E8000F216820F0F8
:10F6A00080001CBF41E80002002A09D0206850E811
:10F6B000000F216820F0800041E80002002AD7D125
:10F6C0002020C4F8880062E021680868400765D5FA
:10F6D0004FF4800100226FF07E40009020462B46C0
:10F6E00000F0B6FD002859D0206850E8000F2168CE
:10F6F00020F4907041E80002F2B1206850E8000F59
:10F70000216820F4907041E80002002A1FBF2068A1
:10F7100050E8000F216820F490701CBF41E80002FF
:10F72000002A09D0206850E8000F216820F490706A
:10F7300041E80002002AD7D1206850E8020F216872
:10F7400020F0010041E80202F2B1206850E8020F07
:10F75000216820F0010041E80202002A1FBF206852
:10F7600050E8020F216820F001001CBF41E80202AE
:10F77000002A09D0206850E8020F216820F001001B
:10F7800041E80202002AD7D12020C4F88C000320CF
:10F79000002184F8841002B0B0BD00BF2020C4F85E
:10F7A0008800C4F88C000020E0662067002184F8FF
:10F7B000841002B0B0BD0000806B0021A0F85E1084
:10F7C000F9F7AABF00000000806B0268D0F888300B
:10F7D000D0F88CC09168090658D5212B56D100214C
:10F7E000A0F85610016851E8001F026821F0C0011E
:10F7F00042E80013F3B1016851E8001F026821F0EC
:10F80000C00142E80013002B1FBF016851E8001F30
:10F81000026821F0C0011CBF42E80013002B09D090
:10F82000016851E8001F026821F0C00142E800139E
:10F83000002BD7D1016851E8021F026821F40001B2
:10F8400042E80213F3B1016851E8021F026821F493
:10F85000000142E80213002B1FBF016851E8021F9C
:10F86000026821F400011CBF42E80213002B09D0FA
:10F87000016851E8021F026821F4000142E8021306
:10F88000002BD7D12021C0F8881002689168490662
:10F8900040F18C80BCF1220F40F088800021A0F85C
:10F8A0005E10016851E8001F026821F4907142E87F
:10F8B0000013F3B1016851E8001F026821F4907150
:10F8C00042E80013002B1FBF016851E8001F0268C7
:10F8D00021F490711CBF42E80013002B09D001688D
:10F8E00051E8001F026821F4907142E80013002BD8
:10F8F000D7D14FF6FE7CCEF6FF7C026852E8022F8D
:10F90000036802EA0C0243E80221F1B1016851E800
:10F91000021F026801EA0C0142E80213002B1FBF1C
:10F92000016851E8021F026801EA0C011CBF42E8AD
:10F930000213002B09D0016851E8021F026801EA96
:10F940000C0142E80213002BD7D1C16E012927D147
:10F95000016851E8001F026821F0100142E800131D
:10F96000F3B1016851E8001F026821F0100142E87C
:10F970000013002B1FBF016851E8001F026821F02F
:10F9800010011CBF42E80013002B09D0016851E8A8
:10F99000001F026821F0100142E80013002BD7D1AC
:10F9A0002021C0F88C100021C1664167D0F890106A
:10F9B00041F01001C0F89010F9F7AEBE0000000051
:10F9C000C169806BB1F5807F00F0AA800021A0F8AA
:10F9D0005E10016851E8001F026821F4807142E85E
:10F9E0000013FBB1016851E8001F026821F4807127
:10F9F00042E80013002B1FBF016851E8001F026896
:10FA000021F480711CBF42E80013002B0AD001686A
:10FA100051E8001F026821F4807142E80013002BB6
:10FA2000D7D100BF016851E8021F026821F001012F
:10FA300042E80213F3B1016851E8021F026821F0A5
:10FA4000010142E80213002B1FBF016851E8021FA9
:10FA5000026821F001011CBF42E80213002B09D00B
:10FA6000016851E8021F026821F0010142E8021317
:10FA7000002BD7D1016851E8021F026821F0400134
:10FA800042E80213F3B1016851E8021F026821F055
:10FA9000400142E80213002B1FBF016851E8021F1A
:10FAA000026821F040011CBF42E80213002B09D07C
:10FAB000016851E8021F026821F0400142E8021388
:10FAC000002BD7D12021C0F88C10C16E012927D17D
:10FAD000016851E8001F026821F0100142E800139C
:10FAE000F3B1016851E8001F026821F0100142E8FB
:10FAF0000013002B1FBF016851E8001F026821F0AE
:10FB000010011CBF42E80013002B09D0016851E826
:10FB1000001F026821F0100142E80013002BD7D12A
:10FB200000210167C16E012904D1B0F85C10F9F71A
:10FB30009BBC00BFFAF770BB806B01210167C16EEF
:10FB4000012905D1B0F85C104908F9F78DBC00BF58
:10FB5000FAF766BB00000000C169806BB1F5807FD9
:10FB600002D1FAF7CDBB00BF0021A0F85610016802
:10FB700051E8021F026821F0800142E80213FBB144
:10FB8000016851E8021F026821F0800142E8021377
:10FB9000002B1FBF016851E8021F026821F080019D
:10FBA0001CBF42E80213002B0AD0016851E8021F73
:10FBB000026821F0800142E80213002BD7D100BF78
:10FBC000016851E8001F026841F0400142E800135B
:10FBD000F3B1016851E8001F026841F0400142E8BA
:10FBE0000013002B1FBF016851E8001F026841F09D
:10FBF00040011CBF42E80013002B09D0016851E806
:10FC0000001F026841F0400142E80013002BD7D1E9
:10FC10007047000000000000806BFAF775BB000021
:10FC2000F0B583B00446006846F6F31640F6004E81
:10FC300022696569D4E902130A43E7690168CCF6D1
:10FC4000FF762A4331401143C5F6000E3943016067
:10FC50004168704521F4405144F2544C41EA03019B
:10FC60004160A2694FF2FF431CBF216A0A438168C9
:10FC7000C1F2FF131940C5F6020C1143816047F62B
:10FC8000FF32C16AC4F2000221F00F01656A90429E
:10FC90004FF0800341EA0501C16219DD41F2FF71B5
:10FCA000C4F2010188422DDC47F60041C4F2000194
:10FCB000884257D041F20001C4F20101884239D094
:10FCC00041F20041C4F20101884233D057E000BF45
:10FCD00044F6FF31C4F20001884237DD44F60041AA
:10FCE000C4F2000188423DD045F20001C4F2000197
:10FCF000884237D047F60001C4F20001884231D073
:10FD00003DE000BF41F60001C4F20101884211D07C
:10FD100041F60041C4F2010188420BD070452ED15A
:10FD2000DCF8041001F00702062A80F081800FF24F
:10FD3000BC3122E0DCF80010C1F3C202062A80F0D8
:10FD4000778047F2AA01C0F6010116E044F20041B3
:10FD5000C4F20001884205D044F60001C4F200015B
:10FD600088420CD1DCF8001001F00702062A80F06E
:10FD70005F8047F2A401C0F601018B181B78704523
:10FD800040F60010C0F23D0000F05A80B7F5004F79
:10FD900040F08480402B4FF0010100F29E81DFE8AB
:10FDA00013F0410019019C019C011F019C019C0161
:10FDB0009C0127019C019C019C019C019C019C01D0
:10FDC0009C012F019C019C019C019C019C019C01B8
:10FDD0009C019C019C019C019C019C019C019C013B
:10FDE0009C013F019C019C019C019C019C019C0188
:10FDF0009C019C019C019C019C019C019C019C011B
:10FE00009C019C019C019C019C019C019C019C010A
:10FE10009C019C019C019C019C019C019C019C01FA
:10FE20009C013D01F7F790F8002840F0D680E5E00E
:10FE30008023704540F60010C0F23D007FF4A6AF6D
:10FE40009A1E01211E2A00F27780DFE812F01F00BF
:10FE500046017B00460146014601830046014601FA
:10FE6000460146014601460146018D004601460114
:10FE7000460146014601460146014601460146014A
:10FE8000460146014601460146019A00F6F73CF854
:10FE9000002800F06680656A73E000BF402B4FF0D9
:10FEA000010100F21A81DFE813F04100D9001801C6
:10FEB0001801DF00180118011801E70018011801E6
:10FEC00018011801180118011801EF001801180194
:10FED000180118011801180118011801180118015A
:10FEE00018011801180118011801FF001801180164
:10FEF000180118011801180118011801180118013A
:10FF00001801180118011801180118011801180129
:10FF10001801180118011801180118011801180119
:10FF200018011801180118011801FD00F7F70CF865
:10FF3000002840F09680A5E0402B40F0CE804FF4A2
:10FF400000401EE06846F5F7F3FF019800287FF4B3
:10FF5000A2AF06E06846F6F783F8019800287FF420
:10FF60009AAF0021B9E000BF5CF8540C800649F25A
:10FF70000000C0F2D03004D55CF8541CC1F3C101BC
:10FF8000C84047F250116268C0F6010131F81510FF
:10FF9000B0FBF1F002EB420188424FF00101C0F0EA
:10FFA0009C801303984200F29880010E0023000207
:10FFB00010EB520041F10001F0F776FA4FF60052D3
:10FFC000A0F54071C0F20F029142C0F08080012183
:10FFD00083E000BFF6F7E8FF80B1656A20E000BF6C
:10FFE0006846F5F7A5FF01980028F6D106E000BFA6
:10FFF0006846F6F735F801980028EED100216CE04C
:020000040801F1
:100000005CF8540C800649F20000C0F2D03007D5ED
:100010005CF8541CC1F3C101C84001E04FF400403A
:1000200047F25011C0F6010131F81510B0FBF1F0A4
:1000300061684A0802EB40004FF6EF72B0FBF1F046
:10004000A0F11001914207D84FF6F0710140C0F3C2
:10005000420008443BE000BF01213EE0F6F7A4FF68
:1000600080B1656A20E000BF6846F5F761FF01983E
:100070000028F6D106E000BF6846F5F7F1FF0198C9
:100080000028EED1002128E05CF8540C800649F2EB
:100090000000C0F2D03007D55CF8541CC1F3C10198
:1000A000C84001E04FF4004047F250116268C0F6CA
:1000B000010131F81510B0FBF1F000EB5200B0FB7C
:1000C000F2F0A0F110014FF6EF72914204D82168CE
:1000D000C860002101E000BF01214FF00110A066BF
:1000E0000020C4E91D00084603B0F0BD020408105A
:1000F000204000000000000010B504468C468165D9
:100100000021A0F85C20C0F890102220C4F88C00D8
:10011000D4F8800000B313464FF6C1124FF6393EB3
:10012000C0F60002C0F6000E0165C0E90F2E4FF2C6
:10013000C972C0F60002C264226802F1240162465C
:10014000F3F76AF940B11020C4F890002020C4F8F9
:100150008C00012010BD00BF206938B3206850E832
:10016000000F216840F4807041E80002F2B120687D
:1001700050E8000F216840F4807041E80002002A36
:100180001FBF206850E8000F216840F480701CBF3A
:1001900041E80002002A09D0206850E8000F2168D9
:1001A00040F4807041E80002002AD7D1206850E86E
:1001B000020F216840F0010041E80202F2B120681C
:1001C00050E8020F216840F0010041E80202002AD5
:1001D0001FBF206850E8020F216840F001001CBFDB
:1001E00041E80202002A09D0206850E8020F216885
:1001F00040F0010041E80202002AD7D1206850E80F
:10020000020F216840F0400041E80202F2B120688C
:1002100050E8020F216840F0400041E80202002A45
:100220001FBF206850E8020F216840F040001CBF4B
:1002300041E80202002A09D0206850E8020F216834
:1002400040F0400041E80202002AD7D1002010BD52
:100250002DE9F041804600680D46C7693940491BC9
:10026000B1FA81F14909914225D1069C34B3164671
:10027000611C29D1C1692940491BB1FA81F14909A1
:10028000B14218D1C1692940491BB1FA81F149092C
:10029000B14201BFC1692940491BB1FA81F104BFD4
:1002A0004909B14207D1C1692940491BB1FA81F11D
:1002B0004909B142DED00020BDE8F081F4F7B4FB7B
:1002C0000320BDE8F08100BF1F4607E0C069284059
:1002D000401BB0FA80F04009B042ECD1F4F7A4FB27
:1002E000C01BA04200F2B680D8F8000001684907A0
:1002F000ECD5402D18BF802DE8D0C169090700F169
:10030000AD80C1690905E1D54FF400610162D8F8FB
:10031000000050E8000FD8F8001020F4907041E879
:10032000000222B3D8F8000050E8000FD8F80010FF
:1003300020F4907041E80002002A1FBFD8F80000A6
:1003400050E8000FD8F8001020F490701CBF41E86E
:100350000002002A0BD0D8F8000050E8000FD8F8AF
:10036000001020F4907041E80002002ACFD14FF62F
:10037000FE70CEF6FF70D8F8001051E8021FD8F8D2
:100380000020014042E802130BB3D8F8001051E8F6
:10039000021FD8F80020014042E80213002B1FBFC3
:1003A000D8F8001051E8021FD8F8002001401CBF07
:1003B00042E80213002B0AD0D8F8001051E8021FBF
:1003C000D8F80020014042E80213002BD3D1D8F81E
:1003D0006C0001282FD1D8F8000050E8000FD8F8A1
:1003E000001020F0100041E8000222B3D8F800000D
:1003F00050E8000FD8F8001020F0100041E800028B
:10040000002A1FBFD8F8000050E8000FD8F80010ED
:1004100020F010001CBF41E80002002A0BD0D8F8E1
:10042000000050E8000FD8F8001020F0100041E85C
:100430000002002ACFD12020C8F88C000021C8F883
:100440006C10C8F87410C8F89000032088F8841065
:10045000BDE8F0810320BDE8F08100BF0821016202
:10046000D8F8000050E8000FD8F8001020F4907081
:1004700041E8000222B3D8F8000050E8000FD8F895
:10048000001020F4907041E80002002A1FBFD8F845
:10049000000050E8000FD8F8001020F490701CBF46
:1004A00041E80002002A0BD0D8F8000050E8000F05
:1004B000D8F8001020F4907041E80002002ACFD153
:1004C0004FF6FE70CEF6FF70D8F8001051E8021F0C
:1004D000D8F80020014042E802130BB3D8F800100E
:1004E00051E8021FD8F80020014042E80213002B17
:1004F0001FBFD8F8001051E8021FD8F800200140B3
:100500001CBF42E80213002B0AD0D8F8001051E8B3
:10051000021FD8F80020014042E80213002BD3D17B
:10052000D8F86C0001282FD1D8F8000050E8000F4F
:10053000D8F8001020F0100041E8000222B3D8F8EB
:10054000000050E8000FD8F8001020F0100041E83B
:100550000002002A1FBFD8F8000050E8000FD8F8AA
:10056000001020F010001CBF41E80002002A0BD050
:10057000D8F8000050E8000FD8F8001020F0100064
:1005800041E80002002ACFD12020C8F88C000020CA
:10059000C8F86C00C8F874000821C8F8901088F8F2
:1005A00084000120BDE8F08143F6A400C2F20040BF
:1005B000F9F7B6B80000000010B543F63814C2F2DF
:1005C00000442046F9F7ACF84CF6C0314FF4807285
:1005D000C2F201412046F8F7FBFE42F6847040F279
:1005E0000F41C2F20040C4F20201006888426FF07D
:1005F000080111DC6F22C4F20202904222DC3F2289
:10060000C4F20202904239DC1022C4F2020290428B
:100610005CD0282254E000BF40F26F42C4F20202D4
:1006200090421BDC40F23F42C4F2020290422DDCB9
:1006300040F21042C4F20202904247D040F22842F7
:100640003EE000BF9F22C4F20202904228DC7022EA
:10065000C4F20202904239D0882231E040F29F4237
:10066000C4F20202904223DC40F27042C4F2020261
:1006700090422BD040F2884222E000BF4022C4F2D8
:100680000202904222D058221AE000BF40F24042BB
:10069000C4F20202904219D040F2584210E000BF6A
:1006A000A022C4F20202904210D0B82208E000BF9B
:1006B00040F2A042C4F20202904207D040F2B84297
:1006C000C4F20202904218BF6FF0040102681140A8
:1006D000016010BD0000000070B5D0F8D42200EB1E
:1006E0008203D3F8C0222AB301F00F0E8C460EEB22
:1006F0008E0100EB810151F8184F5CB1D0F8C8624F
:100700000EEBCE0506EB8506F669B4FBF6F505FBA8
:1007100016468EB10024C2F81442D3F8C40203690D
:1007200033B1D2F8080202F50471624698470024FA
:10073000204670BD032070BD00240C600022002301
:10074000614600F0F9FE204670BD00000000000088
:10075000B0B50446D0F8D40204EB8000D0F8C05203
:1007600095B1204600F074FDD4F8D412C5F80C02FF
:10077000D5F8040204EB8101D1F8C42205F5037118
:10078000D26890470020B0BD0320B0BD000000003B
:1007900070B58121044600F097FC01212046002518
:1007A000258700F091FC82212046A4F8785100F0C2
:1007B0008BFCD4F8D402E56404EB8000D0F8C012BE
:1007C00089B1D0F8C40240688047D4F8D40204F557
:1007D000307656F8200001F0D3F9D4F8D40246F868
:1007E0002050C4F8BC52002070BD00000000000082
:1007F00010B5D0F8D41200EB8100D0F8C0428CB113
:10080000D0F8C41281B194F80002FF280CD094F8FB
:1008100001228B6821469847FF2084F800020020BF
:1008200010BD00BF032010BD002010BD000000005F
:1008300040F2F8110A22C2F20041028008467047D5
:10084000F0B581B040F2B4170446C2F200478221ED
:10085000384600F031FA06460121384600F02CFAFD
:1008600005468121384600F027FA002E1CBF1021D2
:10087000B171002D1CBF4021A98000281CBF402160
:10088000818040F2B4104321C2F20040218001B0C7
:10089000F0BD000000000000F0B581B040F2B417D8
:1008A0000446C2F200478221384600F005FA0646A7
:1008B0000121384600F000FA05468121384600F053
:1008C000FBF9002E1CBF1021B171002D1CBF4FF48D
:1008D0000071A98000281CBF4FF40071818040F294
:1008E000B4104321C2F20040218001B0F0BD0000ED
:1008F000F0B581B040F2B4170446C2F2004782213D
:10090000384600F0D9F906460121384600F0D4F9FE
:1009100005468121384600F0CFF9002E1CBF10217A
:10092000B171002D1CBF4021A98000281CBF4021AF
:10093000818040F2B4104321C2F20040218001B016
:10094000F0BD0000000000002DE9F04104464FF426
:10095000077001F019F9002850D04FF407710546CF
:10096000EFF7B3FED4F8D402217C4027022204EB37
:10097000800000294FF081014FF00206C0F8C052FC
:100980002046C4F8BC5208BF4FF400773B4600F045
:10099000D7FC0121022220463B464FF00108A4F873
:1009A000388000F0CDFC1020A4F84E0082210322F4
:1009B00008232046A4F8788100F0C2FCD4F8D402C1
:1009C0000027C5F8047204EB8000A4F84C80D0F82E
:1009D000C40200688047C5F81472C5F81872D5F8CB
:1009E00004223AB1207C012190B14023204600F03E
:1009F000BBFC00263046BDE8F08100BFD4F8D4022D
:100A0000002104EB8000C0F8C0120220BDE8F08194
:100A10004FF40073204600F0A7FC0020BDE8F081F1
:100A200080B5D0F8D41200EB8101D1F8C01269B1C1
:100A3000027C4023002AD1F804224FF0010108BFB4
:100A40004FF4007300F090FC002080BD032080BDB7
:100A500041B1D0F8D42200EB8200C0F8C4120020CB
:100A6000704700BF03207047D0F8D42200EB82000B
:100A7000D0F8C00220B1C0F804120020704700BFB7
:100A80000320704700000000D0F8D43200EB830050
:100A9000D0F8C00230B1C0F80812C0F8102200200F
:100AA000704700BF0320704770B582B00446D0F88D
:100AB000D40200228DF8072004EB8000ADF804205A
:100AC000D0F8C062E6B10D46097811F060021BD083
:100AD000202A61D1EA88002A2ED049B2B1F1FF3F25
:100AE00036DD6878402A86F80002204628BF40227A
:100AF000314686F8012200F0A7F8002618E000BF72
:100B00000326304602B070BD68780B2844D8002612
:100B1000DFE800F0060E42424242424242422C3A94
:100B200094F89C02032837D101A9022225E000BFD6
:100B3000304602B070BD00BFD0F8C4126878002201
:100B400000268B6829469847304602B070BD00BF2A
:100B5000D0F8C41268788B6831469847EA882046F6
:100B60003146072A28BF072208E000BF94F89C02FC
:100B7000032811D10DF107010122204600F080F871
:100B80000026304602B070BD94F89C02032803D1C1
:100B90000026304602B070BD2046294600F048F8D5
:100BA0000326304602B070BD80B5D0F8D41200EBF9
:100BB0008101D1F8C0323BB1D3F8141200294FF0B3
:100BC000010103D0084680BD032080BDC3F8141284
:100BD0008121D3F80822D3F81032C36200F0ACFCB4
:100BE0000021084680BD000080B5D0F8B8225268C8
:100BF0009047002818BF032080BD000000000000BF
:100C00000020704700000000002070470000000036
:100C100080B513460A46002100F0A6FB002080BDE7
:100C200080B513460A46002100F086FC002080BDF6
:100C300010B58021044600F047FC00212046BDE8A5
:100C4000104000F041BC000080B50323C0F894328E
:100C50001346C0F858210A460021C0F85C3100F064
:100C600083FB002080BD000080B50521C0F89412F0
:100C700000210022002300F077FB002080BD00004F
:100C800080B50223C0F89432134682610A460021DF
:100C9000C36100F051FC002080BD00000000000096
:100CA00080B50421C0F8941200210022002300F036
:100CB00043FC002080BD000080B5B0F802C003787E
:100CC0009C4505D8002080BD73449AB26245F9D294
:100CD00090F800E070444278052A02D182788A4276
:100CE00026D073449AB26245ECD290F800E070448A
:100CF0004278052A02D182788A4219D073449AB286
:100D00006245DFD290F800E070444278052A02D1B3
:100D100082788A420CD073449AB26245D2D290F85B
:100D200000E070444278052ACED182788A42CBD145
:100D300080BD00000000000010B5002878D00378C6
:100D400043B300F1020EF4461CF8013C6BB19CF871
:100D50000030002B1CBF9CF80130002B05D09CF804
:100D600002300CF1040C002BEED14FF0000C00BF50
:100D70001EF8013C93B19EF800309BB19EF8013003
:100D8000A3B19EF802300CF1040C0EF1040E002BFE
:100D9000EED10DE04FF0000C0AE000BF4CF0010C6A
:100DA00006E000BF4CF0020C02E000BF4CF0030C68
:100DB0005FFA8CFC022303EB4C0313800B700322BD
:100DC0004A7090F800E0BEF1000F08BF10BD02307D
:100DD00002224FF0000CD3B243F0010401F803E00B
:100DE00001F804C010F8013C13B3941CE4B244F0C1
:100DF000010E0B5501F80EC00378002B1FBF141D08
:100E0000E4B244F0010E0B551EBF01F80EC043784A
:100E1000002B0DD0941D0832E4B244F0010E0B55A6
:100E200001F80EC090F802E00430BEF1000FD2D1FC
:100E300010BD00000000000010B540F614140A4672
:100E4000C2F2004402A02146FFF776FF204610BD03
:100E500043444320436F6E66696700000000000052
:100E600040F204201222C2F200400A8070470000C3
:100E700010B540F614140A46C2F2004402A02146FE
:100E8000FFF75AFF204610BD43444320496E746566
:100E9000726661636500000040F22C200422C2F2F9
:100EA00000400A807047000010B540F614140A464E
:100EB000C2F2004402A02146FFF73EFF204610BDCB
:100EC00053544D6963726F656C656374726F6E69BC
:100ED000637300000000000010B540F614140A46C9
:100EE000C2F2004402A02146FFF726FF204610BDB3
:100EF00053544D3332205669727475616C20436FC0
:100F00006D506F7274000000B0B54EF6000EC1F661
:100F1000F17EDEF80000DEF80830C0184FF01A034A
:100F20000B8000F0A3804FF0370C010F0CEB107218
:100F3000B0F1204F38BF01F1300240F23021DEF82D
:100F40000430C0F30364C2F200414FF0000E8A7017
:100F50000201B2F1204F81F803E00CEB127538BFAB
:100F600004F13005020281F805E0C0F303540D716D
:100F70000CEB1275B2F1204F38BF04F130050203BB
:100F800081F807E0C0F303448D710CEB1275B2F1E8
:100F9000204F38BF04F13005020481F809E0C0F3A6
:100FA00003340D720CEB1275B2F1204F38BF04F10F
:100FB0003005020581F80BE0C0F303248D720CEBC1
:100FC0001275B2F1204F38BF04F13005020681F8E6
:100FD0000DE0C0F303140D730CEB1275B2F1204F4A
:100FE00038BF04F13005020700F00F0000F13704AC
:100FF0008D73B2F1204F81F80FE038BF00F130045B
:10100000180FB3F1204F0CEB13720C7481F811E040
:1010100038BF00F13002180181F813E08A74B0F192
:10102000204FC3F303620CEB107438BF02F130049D
:10103000180281F815E0C3F303520C750CEB107421
:10104000B0F1204F4FEA033038BF02F13004C3F350
:101050000342B0F1204F0CEB10738C7581F817E050
:1010600038BF02F1300381F819E00B7640F23020EE
:10107000C2F20040B0BD000080B10023C0F8B83219
:10108000C0F8C4320029C0F8D03218BFC0F8B4127A
:10109000012180F89C12027000F0DEB80320704736
:1010A00080B5D0F8C802F3F713FF40F20032C10058
:1010B000C0F20132032822FA01F188BF0321C8B22D
:1010C00080BD00000000000080B5D0F8C802F3F732
:1010D000D3FE40F20032C100C0F20132032822FAEE
:1010E00001F188BF0321C8B280BD000000000000EC
:1010F000B0B5044681B194F89C02032827D1D4F8F6
:10110000B80242691AB30020C4F8D40220469047BE
:10111000002808BF0020B0BDD4F89402022810D1E6
:10112000D4E90701884215D9431A204611461A46C8
:10113000E361FFF775FD002100220023204600F047
:1011400013F994F8A00210B1002084F8A002002046
:10115000B0BD00BF10D1A16981420DD3D4F898026F
:10116000814209D20021002220460025FFF758FDC8
:10117000C4F89852DFE700BF94F89C02032808D116
:10118000D4F8B802C16821B10020C4F8D4022046C6
:1011900088478021204600F097F92046FFF764FD3C
:1011A00094F8A0020028CFD1D1E700000000000091
:1011B00010B5044681B194F89C0203281FD1D4F8DD
:1011C000B8028269DAB10020C4F8D4022046904700
:1011D000002808BF002010BDD4F8940203280ED1C7
:1011E000D4E9570398420DD9C01AC4F85C0198425B
:1011F000114638BF034620461A46FFF709FD002076
:1012000010BD00BF94F89C02032808D1D4F8B8029E
:10121000016921B10020C4F8D40220468847204645
:10122000FFF73EFD002010BD0020704700000000C9
:1012300080B5012180F89C12D0F8B82232B1017932
:1012400052689047002818BF032080BD002080BD51
:10125000D0F8C802F3F770BE10B50178012930D17B
:1012600043F25421C2F20041C0F8C812C1F8E004B0
:101270000020C4F204000860092008714FF40070D7
:10128000C8800220C1F809000020C88108740846FF
:10129000F4F70EFC08B1F0F7E7FA43F254244FF4E8
:1012A0000071C2F200442046F3F732FD0021802293
:1012B0002046F3F731FD01214FF4BA722046F3F7CF
:1012C0002BFD002010BD000001F07F02D0F8C80205
:1012D00049B202EBC202002900EB820000F2562262
:1012E00048BF00F1160210787047000000000000AF
:1012F00080B5D0F8D42200EB8202D2F8B8224AB1ED
:1013000090F89C32032B02D1126A02B19047002060
:1013100080BD00BF032080BD80B5D0F8D42200EB93
:101320008202D2F8B8224AB190F89C32032B02D143
:10133000526A02B19047002080BD00BF032080BDEB
:1013400080B59446D0F8C8021A466346F3F700FE0B
:1013500040F20032C100C0F20132032822FA01F14A
:1013600088BF0321C8B280BD80B5D0F8C802F3F7AA
:1013700027FE40F20032C100C0F20132032822FAF7
:1013800001F188BF0321C8B280BD00000000000049
:10139000F0B581B0012680F89C620025C0F8945217
:1013A00004464560D0F8B802C4F8A45284F8A052AC
:1013B00058B1426842B100212046904705460028B6
:1013C00018BF032501E000BF0025002100224023B3
:1013D00020464027FFF7B4FF80210022402320460B
:1013E000A4F86461C4F86071FFF7AAFFA6842846D8
:1013F000276201B0F0BD000090F89C12042903D1CF
:1014000090F89D1280F89C120020704700000000A8
:1014100080B590F89C12032905D1D0F8B81211B10B
:10142000C96901B18847002080BD000000000000AC
:10143000024600201174704780B5D0F8C802F4F756
:10144000D7FC40F20032C100C0F20132032822FA78
:1014500001F188BF0321C8B280BD00000000000078
:10146000B0B500F2AA250446284600F079F801201C
:10147000C4F8940294F8AA02B4F8B02200F01F0154
:10148000C4F89822022909D001290DD091B920462B
:101490002946BDE8B04000F09FB800BF204629466D
:1014A000BDE8B04000F060BA20462946BDE8B04033
:1014B00000F01ABB00F080012046BDE8B04000F00B
:1014C00003B800000000000080B5D0F8C802F3F7B0
:1014D00097FD40F20032C100C0F20132032822FA27
:1014E00001F188BF0321C8B280BD000000000000E8
:1014F00080B5D0F8C802F4F797FC40F20032C10082
:10150000C0F20132032822FA01F188BF0321C8B2D8
:1015100080BD000000000000014690F89C020428F5
:1015200003D091F89C0281F89D020020042281F8EA
:101530009C2270470000000080B5D0F8C802F3F785
:101540009FFD40F20032C100C0F20132032822FAAE
:1015500001F188BF0321C8B280BD00000000000077
:101560000A7802704A7842704A8842808A8882806B
:10157000C988C1807047000010B582B004464FF0A2
:101580000000ADF80600B9B1D4F8D40204F52E720B
:10159000C4F8B81252F82000C16A21B10DF106005A
:1015A0008847C4F8D002D4F8D8020130C4F8D80271
:1015B000002002B010BD00BF032002B010BD00002B
:1015C000D0F8B82212B11268104700BF002070474F
:1015D000FFF78EBF00000000B0B582B00D4609785D
:1015E000044611F0600111D0402918BF202933D1E1
:1015F000D4F8D402294604EB8000D0F8B8028268FF
:10160000204602B0BDE8B040104700BF6878092806
:1016100000F2DA80DFE810F00A002C00D8003E006B
:10162000D8004A006A00D80086009A0094F89C020C
:101630000138022800F2C880E888022840F0C480FF
:10164000D4F8A40203220028214608BF0122204624
:1016500041F80C2F022207E180212046FFF734FFDA
:10166000002120460025FFF72FFF284602B0B0BD1D
:1016700094F89C020138022800F2A68068880025B0
:101680000128F2D12046C4F8A452FFF709FB2846EE
:1016900002B0B0BD6888022800F08C80012840F0BC
:1016A00093800120C4F8A40212E100BFA88800289A
:1016B00040F08A80E888002840F0868068887F288B
:1016C00000F2828094F89C12032900F07D80C5B25C
:1016D00084F89E0220462946FFF7AEFE2046FFF71B
:1016E000DFFA002D00F03681022034E168884FF0E7
:1016F000FF310022ADF8062001EB10210E2900F287
:10170000B980DFE801F0096D7BB7B78791B7B7B74C
:10171000B7B7B7B79D0000BFD4F8B412207C0A68F1
:1017200093E000BFE88801284ED194F89C02411E46
:10173000022943D2214601222046002541F8085FB4
:10174000FFF79EFA284602B0B0BD00BF688840F699
:101750001015C2F2004510F0FE0F28700CD0802149
:101760002046FFF7B1FE00212046FFF7ADFE03251E
:10177000284602B0B0BD00BFC1B294F89C22032A33
:1017800000F08480022A40F0AB80002900F0A080A5
:1017900020466160FFF714FF002800F0C180054675
:1017A00080212046FFF790FE00212046FFF78CFEA7
:1017B00087E000BF687984F8A00289E0032803D19C
:1017C000211D012220464FE080212046FFF77CFEAC
:1017D000002120460025FFF777FE284602B0B0BD65
:1017E000207C0028D4F8B8020CBF816AC16A0DF1D0
:1017F000060088470146022020E000BFC0B205284D
:1018000038D8DFE800F00393979B9FA3D4F8B40285
:10181000426818E0207C68BBD4F8B802416B0DF137
:101820000600884714E000BF207C18BBD4F8B8023B
:10183000016B0DF10600884701460720487008E05B
:10184000D4F8B402C269AAB1207C0DF10601904718
:101850000146EA88E2B3BDF8060058B1904238BFAD
:1018600002462046ADF80620FFF70AFA0025284672
:1018700002B0B0BD80212046FFF726FE00212046A1
:10188000FFF722FE0025284602B0B0BDC1B3606854
:1018900088421DD0C1B22046FFF7A6F9297820461C
:1018A0006160FFF78DFE98B1054680212046FFF765
:1018B0000BFE00212046FFF707FE21792046FFF7A7
:1018C00093F9022084F89C02284602B0B0BD00BF04
:1018D0002046FFF7E5F90025284602B0B0BD00BF5D
:1018E00080212046FFF7F0FD00212046FFF7ECFDA8
:1018F00029782046FFF778F90325284602B0B0BDC5
:10190000022084F89C026160002120460025FFF738
:101910006BF92046FFF7C4F9284602B0B0BD00BFFE
:101920002046FFF7BDF9032015E000BFD4F8B4024C
:10193000826888E7D4F8B402C26884E7D4F8B402B5
:10194000026980E7D4F8B40242697CE7D4F8B402B3
:10195000826978E7012084F89C020025284602B0BD
:10196000B0BD00000000000070B50E4609780446C6
:10197000357911F060010BD0402918BF202940F0C3
:101980009F8020462946FFF73BF9E8B1002070BD53
:10199000707838B3012841D0032840F0918094F842
:1019A0009C0203283ED1708840B915F07F0005D015
:1019B000F08818B920462946FFF786FD2046FFF734
:1019C0006FF9002070BD00BFD4F8B8028268002013
:1019D000002AC4F8D402D9D020463146BDE8704070
:1019E000104700BF94F89C02032829D0022808BFA2
:1019F0005FEA456064D115F080004FF0140008BF25
:101A00004FF4AA7004F114014FF0000208BF04F56E
:101A1000AA7122500222204661E000BF94F89C0285
:101A2000032819D002284BD1680649D02046294600
:101A3000FFF74AFD80212046FFF746FD002070BDDC
:101A400005F00F00802D00EB800004EB80001FD21A
:101A5000B0F864011DE000BF7088002896D16806C8
:101A600003D020462946FFF71BFB2046FFF718F955
:101A700020462946FFF7C4F800287FF487AFD4F842
:101A8000B80282680020002AC4F8D402A4D17DE7FD
:101A9000808CA8B105F07F00802D00EB800004EB66
:101AA000800000F1140638BF00F5AA76680611D050
:101AB00020462946FFF708FC002818BF01200AE04D
:101AC00080212046FFF700FD00212046FFF7FCFCA7
:101AD000002070BD00203060022220463146FFF712
:101AE000CFF8002070BD0000B0B50D46097804465F
:101AF00011F0600118BF402914D194F89C020138FC
:101B0000022803D8A88810F0FE0F19D080212046A3
:101B1000FFF7DAFC002120460025FFF7D5FC284618
:101B2000B0BD00BF2029E8D080212046FFF7CCFCC3
:101B3000002120460025FFF7C7FC2846B0BD00BFA6
:101B4000C1B22046FFF760F810B10320B0BD00BF5E
:101B5000D4F8B8028268002AF7D00020C4F8D40272
:101B6000204629469047E9880546002908BF002DF0
:101B7000E3D12046FFF794F80020B0BD000000003C
:101B8000704700000000000040F61430C2F2004030
:101B9000704700000000000010B50A784B78D0F8BC
:101BA0001CC802F00F044FEA421E012B1AD1012378
:101BB00003FA04F400EB0E0344EA0C04C0F81C48DA
:101BC000D3F8000900042AD403F510600B79896862
:101BD0006FF3DF21046841EA834144EA82521143F2
:101BE00018E000BF4FF4803202FA04F300EB0E025B
:101BF00043EA0C03C0F81C38D2F8000B00040ED4E2
:101C00000B7902F5306089686FF3DF21026841EAE1
:101C10008341114341F0805141F4004101600020B3
:101C200010BD0000000000000146D0F8000940F29D
:101C3000FF729043C1F80009D1F80428002042F453
:101C40008072C1F80428704782B002F47F42B2F576
:101C5000807F40F08180836B4FF6BF7223F4803326
:101C60008363DDF808C0C368CFF6BD721A40C26056
:101C70005FFA8CF2C368012A23F44012C26003D1D8
:101C8000C26842F48012C26000220092009A0132BF
:101C90000092009AB2F1706F00F2C4800269002ACB
:101CA00021D4009A01320092009AB2F1706F00F2D2
:101CB000B9800269002A16D4009A01320092009A73
:101CC000B2F1706F00F2AE800269002A0BD4009A64
:101CD00001320092009AB2F1706F00F2A3800269A3
:101CE000B2F1FF3FD2DC00220092026942F0010211
:101CF0000261009A01320092009AB2F1706F00F214
:101D000091800269D2071ED0009A01320092009A97
:101D1000B2F1706F00F286800269D20713D0009A88
:101D200001320092009AB2F1706F7BD80269D2073B
:101D300009D0009A01320092009AB2F1706F71D806
:101D40000269D207D5D1002201F47F01B1F5803FAD
:101D500040F08E807BE000BFC26842F04002C2606B
:101D600000220192019A01320192019AB2F1706F40
:101D700060D80269002A1ED4019A01320192019AA8
:101D8000B2F1706F56D80269002A14D4019A013258
:101D90000192019AB2F1706F4CD80269002A0AD4FC
:101DA000019A01320192019AB2F1706F42D8026930
:101DB000B2F1FF3FD6DC00220192026942F001023B
:101DC0000261019A01320192019AB2F1706F31D829
:101DD0000269D2071DD0019A01320192019AB2F133
:101DE000706F27D80269D20713D0019A013201928D
:101DF000019AB2F1706F1DD80269D20709D0019A19
:101E000001320192019AB2F1706F13D80269D207C0
:101E1000D7D1002213F47F4F836B10D143F480336A
:101E20000FE000BF032201F47F01B1F5803F1FD115
:101E30000DE000BF032213F47F4F836BEED023F439
:101E40008033836301F47F01B1F5803F10D1C16D10
:101E500089B2C165C16D41F0007141F0F771C16592
:101E6000816841F006018160816841F02001816054
:101E7000104602B07047000080B54A780978012A00
:101E80004FEA41122AD1024447F6000CCEF6334CF9
:101E90004FF0010ED2F8003902F51062002B07D581
:101EA000136843F000631360136843F080431360CA
:101EB00001F00F01D0F83C380EFA01F18B43C0F865
:101EC0003C38D0F81C3823EA0101C0F81C1811680E
:101ED000002001EA0C01116080BD00BF831847F6A5
:101EE000000C03F53062CEF6334CD3F8003B0CF116
:101EF000707CB3F1FF3F4FF4803ED9DCD0E70000A7
:101F00000146D0F8000E20F00300C1F8000E0020BA
:101F1000D1F8042822F00202C1F80428704700001A
:101F20000146D0F8000E20F00300C1F8000E00209A
:101F3000D1F8042842F00202C1F8042870470000DA
:101F40002DE9F04F85B0C3F307489146B8F1000F73
:101F50004FF00007C0F80471C0F80871C0F80C71A8
:101F6000C0F81071C0F81471C0F81871C0F81C7175
:101F7000C0F82071C0F82471C0F82871C0F82C7125
:101F8000C0F83071C0F83471C0F83871C0F83C71D5
:101F900004D000F138024FF400130FE0D0F8042809
:101FA000802342F00202C0F80428826B22F400125F
:101FB0008263026842F040020260024617683B43B7
:101FC00009F47F471360B7F5807F4FF00002C0F837
:101FD000002E07D1B2EB116FD0F8002806D042F0E6
:101FE000010203E0D0F8002842F00302C0F8002804
:101FF00000220392039A01320392039AB2F1706FA6
:1020000052D80269002A1ED4039A01320392039A1D
:10201000B2F1706F48D80269002A14D4039A0132D1
:102020000392039AB2F1706F3ED80269002A0AD473
:10203000039A01320392039AB2F1706F34D80269A5
:10204000B2F1FF3FD6DC002203924FF484620261BA
:10205000039A01320392039AB2F1706F24D8026995
:1020600092061DD5039A01320392039AB2F1706F62
:102070001AD80269920613D5039A01320392039A81
:10208000B2F1706F10D80269920609D5039A013235
:102090000392039AB2F1706F06D802699206D7D400
:1020A0004FF0000A02E000BF4FF0010A0022049244
:1020B000049A01320492049AB2F1706F4ED8026908
:1020C000002A1ED4049A01320492049AB2F1706F6D
:1020D00044D80269002A14D4049A01320492049A62
:1020E000B2F1706F3AD80269002A0AD4049A013218
:1020F0000492049AB2F1706F30D80269B2F1FF3FD6
:10210000D6DC0022049210220261049A0132049269
:10211000049AB2F1706F21D80269D20620D5049AD0
:1021200001320492049AB2F1706F17D80269D20694
:1021300016D5049A01320492049AB2F1706F0DD848
:102140000269D2060CD5049A01320492049AB2F1C3
:10215000706F03D80269D206D7D401E04FF0010AAC
:10216000CCB24FF0000B002CC0F810B8C0F814B877
:10217000C0F81CB800F00F81D0F800294FF00065BE
:10218000B4F1010E4FF67F3305EA1212C0F80029B0
:10219000C0F810B9C0F808397DD0A21ECDF808A04B
:1021A000032A0EF0030A05D22027BAF1000F45D109
:1021B0006AE000BFCDE9001941462EF00307002672
:1021C0004FF090434FF67F3C4FF0000800EB0802C1
:1021D000043F08F18008D2F8209903EAE975C2F8B3
:1021E0002059C2F83069C2F828C9D2F8405903EA28
:1021F000E575C2F84059C2F85069C2F848C9D2F82A
:10220000605903EAE575C2F86059C2F87069C2F80E
:1022100068C9D2F8805903EAE575C2F88059C2F856
:102220009069C2F888C9D1D108F120078846DDE954
:1022300000194FF00065BAF1000F25D000F51062CB
:102240004FF0904CD319BAF1010FD6590CEAE6764B
:10225000D6514FF000074FF67F321F619A6013D0BE
:102260001E6ABAF1020F0CEAE6761E621F639A62DA
:102270000AD01A6C4FF0904707EAE2721A64002203
:102280001A654FF67F329A64002CDDF808A04FF6ED
:102290007F3300F08080D0F8002BBEF1000F05EAFC
:1022A0001212C0F8002B4FF00002C0F8102BC0F83B
:1022B000083B70D0A21E0EF0030C032A04D2202388
:1022C000BCF1000F41D166E0CDF808A08A462EF09F
:1022D000030500264FF090434FF67F37002200BFE2
:1022E0008118043D02F18002D1F8204B03EAE47426
:1022F000C1F8204BC1F8306BC1F8287BD1F8404BB6
:1023000003EAE474C1F8404BC1F8506BC1F8487B54
:10231000D1F8604B03EAE474C1F8604BC1F8706B0C
:10232000C1F8687BD1F8804B03EAE474C1F8804BB4
:10233000C1F8906BC1F8887BD2D102F120035146DD
:10234000DDF808A0BCF1000F25D000F530654FF096
:102350009047EA18BCF1010FEE5807EAE676EE5016
:102360004FF000034FF67F361361966013D0156A65
:10237000BCF1020F07EAE5771762136396620AD091
:10238000176C4FF0904303EAE7731364002313655F
:102390004FF67F339364D0F8102811F47F0F22F4A6
:1023A0008072C0F81028C0F818B06FF08041416109
:1023B00003D1816941F01001816143F60002816916
:1023C000C8F23C0219F47F0F41EA0201816103D097
:1023D000816941F008018161B8F1010F05D181697E
:1023E00041F0804141F004018161504605B0BDE8F3
:1023F000F08F00000000000001468268002022F0FB
:1024000001028A607047000043F20B03D0F840C01D
:10241000C4F654739C4503D3D0F8003B002B1ED464
:102420000023C0F8103BD0F8103B012943F40023EF
:10243000C0F8103BD0F8103B43F01803C0F8103B35
:10244000D0F8103B43F0C041C0F8101B07D1C0F8D2
:10245000142BD0F8001B41F08021C0F8001B002095
:1024600070470000000000004A780B78012A4FEA0C
:10247000431210440ED1D0F8002922F40012C0F803
:102480000029097901F0FE01022914D100F510603C
:102490000DE000BFD0F8002B22F40012C0F8002B92
:1024A000097901F0FE01022905D100F530600168CB
:1024B00041F08051016000207047000000000000E2
:1024C0000A784B785101012B084407D1D0F8001944
:1024D000002900F5106107D50CE000BFD0F8001B03
:1024E000002900F5306105D4002A1EBF086820F0DD
:1024F000804008600A68002042F400120A607047B9
:10250000F0B54B7891F800C0012B2DD100EB4C1E9B
:102510000D69002D0EF51063DEF810494ED06FF3F3
:1025200012041C611C69BCF1000F6FF3DC441C61D8
:102530008E6800F0C980AC191F69013CB4FBF6F449
:102540000026C1F6F87606EAC4463E431E610E79BF
:10255000012E40F0C6804FF0C0471E6907EA447460
:1025600026F0C0461E61B9E000EB4C17BCF1000F2D
:10257000D7F8103B6FF31203C7F8103BD7F8106B76
:1025800007F530636FF3DC46C7F8106B8C680E6993
:102590006CD0002E6ED03719013FB7FBF4F7BEB2F6
:1025A000744300260C62C1F6F87606EAC7471E6936
:1025B0006FF3DF4437431F6163E000BF6FF3DC4418
:1025C0001C611C69002544F400241C611C696FF324
:1025D0001204012A1C6100F08D8000F510634FEA9F
:1025E0004C141F5947F004471F510F79012F61D137
:1025F000D0F80878FF054FF0805758BF4FF00057CC
:10260000E658002A46EA0702E25040F08D80AAB25E
:10261000002A00F08980D61C4FF0FF32C96800F50F
:10262000805002EB96034FEA0C32032BC6F3810372
:102630000ED3B70827F003040F6817504F681750E0
:102640008F681750CF68043C01F110011750F3D187
:10265000002B69D0012B0F68175065D0022B4B68F7
:10266000135061D0896811500020F0BD002E18BFB2
:102670000C610C626FF3DF441F6927431F614FF445
:1026800000241F69012A47EA04021A6103D1CA68BB
:10269000002A18BF5A610979012940D1D0F80808E9
:1026A000C0054FF0805058BF4FF0005019680843E4
:1026B00034E000BFC5B30CF00F01012202FA01F1B2
:1026C00000F634032DE000BFB54205D90E614FF48A
:1026D0000024354602E000BF4FF400241E69344355
:1026E0001C612C461E696FF3DF443443012A1C61D0
:1026F0007FF473AFCA69002A18BFCEF8142909798C
:1027000001290CD1D0F80808C005DEF8000903D46F
:1027100040F0005002E000BF40F0805018604FF0E1
:1027200004411868084318600020F0BD0000000054
:1027300081B0002200924A780978012A4FEA4111BB
:102740003AD100F510625058B0F1FF3F3ADC88589A
:1027500042F2107340F000608850885840F080408A
:1027600088500098013000900098984264D88858AA
:10277000B0F1FF3F26DC00980130009000989842AD
:102780005AD88858B0F1FF3F1CDC00980130009007
:102790000098984250D88858B0F1FF3F12DC00985A
:1027A000013000900098984246D8885800284FF091
:1027B0000000D6D43DE000BF00F530625058B0F1C3
:1027C000FF3F03DD002001B0704700BF885842F290
:1027D000107340F000608850885840F08040885066
:1027E0000098013000900098984225D88858B0F1A0
:1027F000FF3FE7DC009801300090009898421BD81A
:102800008858B0F1FF3FDDDC00980130009000985F
:10281000984211D88858B0F1FF3FD3DC00980130BE
:1028200000900098984207D8885800284FF0000080
:10283000D6D401B0704700BF012001B0704700003E
:1028400001468268002042F001028A607047000061
:1028500081B000220092009A01320092009AB2F1F7
:10286000706F51D80269002A1ED4009A013200927A
:10287000009AB2F1706F47D80269002A14D4009A06
:1028800001320092009AB2F1706F3DD80269002ABD
:102890000AD4009A01320092009AB2F1706F33D8D4
:1028A0000269B2F1FF3FD6DC89010022009220319B
:1028B00001610099013100910099B1F1706F23D845
:1028C000016989061DD50099013100910099B1F186
:1028D000706F19D80169890613D5009901310091EB
:1028E0000099B1F1706F0FD80169890609D5009977
:1028F000013100910099B1F1706F05D80169890625
:10290000D7D4002001B07047032001B07047000009
:10291000D0F8081888074FF0020001F0060158BFF0
:102920000F20002908BF0846704700000000000083
:10293000406900F001007047D0F81818D0F81C0862
:10294000084080B270470000D0F81818D0F81C0872
:102950000840000C70470000D0F810C8D0F8343898
:1029600001F00F0200EB411023FA02F2D201D0F87D
:102970000809D1B241EA0C0108407047000000008C
:1029800000EB4111D1F8081BD0F81408084070473B
:10299000416980690840704710B5930802F0030E42
:1029A0002CD05A1E03F0030C032A0FD323F0030389
:1029B0004FF4805284580C6084584C6084588C606A
:1029C0008458043BCC6001F11001F3D1BCF1000F3D
:1029D00014D04FF480520B46BCF1010F845843F8D9
:1029E000044B05D11946BEF1000F0AD128E000BF03
:1029F000BCF1020F82584A601AD10831BEF1000FB3
:102A00001ED04FF48052BEF1010F80580A4602F8E2
:102A1000010B01D1104610BDBEF1020F4FEA10228A
:102A20004A7001D1881C10BD000C8870033107E08A
:102A30004FF4805282588A600C31BEF1000FE0D111
:102A4000084610BD00000000B0B50446C06800296B
:102A500020F0C040E06000F09980012940F0B08093
:102A6000E0680A2540F00050E0600A20F0F7A8FE78
:102A700054F8140FC00740F09C800A20F0F7A0FE25
:102A80002068C00740F09E800A20F0F799FE206879
:102A9000C00740F0A5800A20F0F792FE2068C0072A
:102AA00040F0AC800A20F0F78BFE2068C00740F0B1
:102AB000B3800A20F0F784FE2068C00740F0BA8097
:102AC0000A20F0F77DFE2068C00740F0C1800A2090
:102AD000F0F776FE2068C00740F0C8800A20F0F7C3
:102AE0006FFE2068C00740F0CF800A20F0F768FE34
:102AF0002068C00740F0D6800A20F0F761FE206809
:102B0000C00740F0DD800A20F0F75AFE2068C007B9
:102B100040F0E4800A20F0F753FE2068C00740F040
:102B2000EB800A20F0F74CFE2068C00740F0F280EE
:102B30000A20F0F745FE2068C00740F0F9800A201F
:102B4000F0F73EFE2068C00740F000810A20F0F751
:102B500037FE2068C00740F007810A20F0F730FEFA
:102B60002068C00740F00E810A20F0F729FE206897
:102B7000C00740F016810A20F0F722FEC825206821
:102B8000A5F1C800B0FA80F04009B0BDE0680A25A0
:102B900040F08040E0600A20F0F712FE54F8140F75
:102BA000C00706D00A20F0F70BFE2068C00711D13D
:102BB0001425A5F1C800B0FA80F04009B0BD00BFEF
:102BC0000120B0BD1425A5F1C800B0FA80F040097D
:102BD000B0BD00BF0A20F0F7F3FD2068C00707D1A1
:102BE0001E25A5F1C800B0FA80F04009B0BD00BFB5
:102BF0000A20F0F7E5FD2068C00707D12825A5F1D8
:102C0000C800B0FA80F04009B0BD00BF0A20F0F75C
:102C1000D7FD2068C00707D13225A5F1C800B0FA5A
:102C200080F04009B0BD00BF0A20F0F7C9FD206860
:102C3000C00707D13C25A5F1C800B0FA80F04009D3
:102C4000B0BD00BF0A20F0F7BBFD2068C00707D168
:102C50004625A5F1C800B0FA80F04009B0BD00BF1C
:102C60000A20F0F7ADFD2068C00707D15025A5F177
:102C7000C800B0FA80F04009B0BD00BF0A20F0F7EC
:102C80009FFD2068C00707D15A25A5F1C800B0FAFA
:102C900080F04009B0BD00BF0A20F0F791FD206828
:102CA000C00707D16425A5F1C800B0FA80F040093B
:102CB000B0BD00BF0A20F0F783FD2068C00707D130
:102CC0006E25A5F1C800B0FA80F04009B0BD00BF84
:102CD0000A20F0F775FD2068C00707D17825A5F117
:102CE000C800B0FA80F04009B0BD00BF0A20F0F77C
:102CF00067FD2068C00707D18225A5F1C800B0FA9A
:102D000080F04009B0BD00BF0A20F0F759FD2068EF
:102D1000C00707D18C25A5F1C800B0FA80F04009A2
:102D2000B0BD00BF0A20F0F74BFD2068C00707D1F7
:102D30009625A5F1C800B0FA80F04009B0BD00BFEB
:102D40000A20F0F73DFD2068C00707D1A025A5F1B6
:102D5000C800B0FA80F04009B0BD00BF0A20F0F70B
:102D60002FFD2068C00707D1AA25A5F1C800B0FA39
:102D700080F04009B0BD00BF0A20F0F721FD2068B7
:102D8000C00707D1B425A5F1C800B0FA80F040090A
:102D9000B0BD00BF0A20F0F713FD2068C0077FF424
:102DA000EAAEBE25A5F1C800B0FA80F04009B0BD7A
:102DB0000246D0F8000820F4FE6001F07F01C2F85E
:102DC00000080020D2F8003843EA0111C2F80018C8
:102DD0007047000000000000022A02460ED145F2B2
:102DE000403043F20053CFF62770C0F20C03084482
:102DF00098420FD24FF4705102E000BF4FF41051CF
:102E0000D06820F47050D060D36800201943D1609E
:102E1000704700BF41F6406044F24023CFF61B707C
:102E2000C0F20F030844984202D24FF46051E7E722
:102E3000A1F5740044F68073A0F51050C0F212039F
:102E4000984203D24FF45051DAE700BFA1F18370EA
:102E50004DF22063A0F5E740C0F21303984203D27D
:102E60004FF44051CCE700BF4BF260604EF260334C
:102E7000CFF6E560C0F216030844984202D24FF440
:102E80003051BDE74DF2003047F24073CFF6CE60CF
:102E9000C0F21B030844984202D24FF42051AFE71E
:102EA00045F6C03049F2C013CFF6B360C0F221033B
:102EB0000844984202D24FF41051A1E7A1F1B77033
:102EC00047F22053A0F55850C0F23803984203D27D
:102ED0004FF4005194E700BF45F2E04049F6E0436B
:102EE000CFF65960C0F2410308444FF4C0519842F4
:102EF00038BF4FF4E05183E780B5DDF808C0BCF17E
:102F0000000F33D193B303334FF0FF3C00F5805EE5
:102F100012030CEB930CBCF1030FC3F3810C13D31E
:102F20009B0823F0030300BF086842F80E004868BE
:102F300042F80E00886842F80E00C868043B01F1B0
:102F4000100142F80E00EFD1BCF1000F0ED0BCF121
:102F5000010F086842F80E0008D0BCF1020F486863
:102F600042F80E0002D0886842F80E00002080BDB2
:102F7000B0B58AB00191082104910021CDE9021178
:102F8000CDE90511CDE9071115460446099102F076
:102F900017F901A920462A46F0F76EFCA8B143F2C2
:102FA0007400C2F20040844241F63C50C2F200403C
:102FB00010D043F21411C2F200418C420CD043F203
:102FC000B411C2F200418C4208D002F085FB0AB075
:102FD000B0BD00BF043002E0063000E008300188D8
:102FE0000131018002F078FB0AB0B0BD00000000A2
:102FF00080B582B04FEA122C8DF801201A0A8DF8A4
:103000000220049A8DF80330130A8DF80430059BD2
:103010008DF805201A0A8DF806206A468DF800C042
:103020008DF80730FFF7A4FF02B080BD000000005C
:10303000FEE7000000000000B0B5002818BF00291E
:1030400000D1B0BDA1F1030CA1F1020E4B1E002274
:10305000845CA52C14D09342F3D084186578A52DF8
:1030600010D09645EDD0A578A52D0DD09445E8D08B
:10307000E578A52D0AD004329142E9D1E1E700BFFD
:10308000811804E0611C02E0A11C00E0E11C4CF688
:10309000C4403F22C2F20140EDF77EFABDE8B040E5
:1030A00000F002B800000000F0B581B02DED108BEB
:1030B0004CF6C44640F29033C2F201469FED911A9D
:1030C000C2F2004340F28C3796ED080A96ED072ACB
:1030D00020EE010AC2F2004783ED000A40F2943369
:1030E000C2F2004322EE010A40F2584596F83940F8
:1030F00083ED000A736A3B6041F64C53C2F2004311
:10310000B76AC2F20045D6F80A00C3F8387140F633
:103110003457C2F2004796F83530D6F80620D6F874
:1031200002103B7096F838307B70B38FC5E90320EE
:1031300070787B803C71738F43F6D034A9606875DA
:10314000D6F812102962C2F20044A7F80530002810
:103150001CBF94F82033002B06D100202071BDEC59
:10316000108B01B0F0BD00BF41F69073C2F2004376
:1031700093F8CC39002BF0D000EE102A9FED629A24
:1031800040F23C579FED612AC2F200479FED60BAC2
:1031900080EE090A0CEE101A97ED0D1AD6F80E10F3
:1031A00081EE091AD6F8162020EE02DA0EEE101A79
:1031B0000AEE102A0128A1EE0BDA33D1B7EECE8A3F
:1031C000B7EECAAAB0EE480B02F02AFE20EE0A0BB8
:1031D000B7EEC09BB0EE480B03F002F820EE0A0BEE
:1031E000B7EEC08BB7EECD0A03F01AF93CEE481AE1
:1031F000B7EEC00B89EE011AB4EE401AF1EE10FAE8
:103200006EDDB1EE491A3CEE082A81EE021AB4EEE8
:10321000401AF1EE10FA63DA03202071BDEC108B36
:1032200001B0F0BD6978B07E81B9297888420DD1AE
:10323000F1F7FAFB6968401A0021B0F52F7F88BFCB
:103240000121B07E6970287089D902E0012169707E
:1032500028703DEE4E0AB7EECCCAB7EEC00A02F0B7
:10326000DFFD8CEE000BB7EEC00BB7EEC0FAB7EE89
:10327000CD0A02F0B5FF20EE0F0BB7EEC08BB7EE14
:10328000CE0A02F0CDFD20EE0F0B97ED0C1A81EE69
:10329000091AB7EEC00B21EE0B1AB7EEC0DAB7EE83
:1032A000C10A03F0BDF895ED041A81EE091AB0EEDB
:1032B000409B21EE0B1AB7EEC11AB0EE410B03F0A2
:1032C000AFF820EE4C0BADEE090BF7EEC00BB0EEF5
:1032D000480A02F0A5FEB4EE4A0AF1EE10FA05DD46
:1032E00000202071BDEC108B01B0F0BD05202071D5
:1032F000F1F79AFB686000206870BDEC108B01B09C
:10330000F0BD00BF00007AC400003443DB0F49C0A9
:10331000DB0F4940000000002DE9F041002818BFF4
:10332000BDE8F081984616460C46F1F77DFB4CF659
:1033300003550746C2F20145287868B1F1F774FBDE
:10334000C01B0328F8D343F658000421C2F2004002
:10335000F5F76EFF0020287070B2422361B2B0F121
:10336000FF3F40F20000C8BF2123C2F20040B1F18C
:10337000FF3F4FFA88F24FF042010380C8BF21217E
:10338000B2F1FF3F4FF042020182C8BF2122710615
:103390004FF04201028458BF212162064FF04202E1
:1033A000418058BF21225FEA48614FF042014282CA
:1033B00058BF2121B2064FF04202418458BF21225A
:1033C000A1064FF04201828058BF21215FEA886246
:1033D0004FF04202818258BF2122F1064FF0420194
:1033E000828458BF2121E2064FF04202C18058BFBB
:1033F00021225FEAC8614FF04201C28258BF2121F9
:1034000032074FF04202C18458BF212221074FF0FA
:103410004201028158BF21215FEA08724FF0420247
:10342000018358BF212271074FF04201028558BF26
:10343000212162074FF04202418158BF21225FEAF9
:1034400048714FF04201428358BF2121B2074FF02B
:103450004202418558BF2122A1074FF042018281DB
:1034600058BF21215FEA88724FF04202818358BF22
:103470002122F1074FF0420182854FF0420208BF3E
:103480002121C181E1074FF0420108BF21215FEAFC
:10349000C873C18308BF2122C285F1F7C5FA04466B
:1034A000287868B1F1F7C0FA001B0328F8D343F677
:1034B00058000421C2F20040F5F7BAFE002028703F
:1034C00043F6580040F20002C2F200400024C2F26B
:1034D00000424F2301688C63012129700421F5F714
:1034E0007FFC002818BF2C70BDE8F08100000000B0
:1034F0004EF60C500422CEF20000C0F2FA52BFF396
:103500004F8F016801F4E06111430160BFF34F8FF9
:1035100000BF00BF00BF00BFFAE7000000000000CE
:10352000F5EE400AF1EE10FA2BDD80EE200AB7EE40
:10353000001AB1EE403AB5EE400AB0EE402AF1EE84
:1035400010FAB8BFB0EE432AB4EE412AF1EE10FAF9
:103550004FDD81EE022A47F268129FED811A202189
:10356000C0F601025318B0EE413A043993ED001A47
:103570000B1DA2EE031AF5D19FED772A32EE411A08
:1035800048E0F5EE400AF1EE10FA51DAB5EE400AE5
:10359000F1EE10FA59DD80EE200AB7EE002AB1EE06
:1035A000403AB5EE400AB0EE401AF1EE10FAB8BF5C
:1035B000B0EE431AB4EE421AF1EE10FA40F38280F4
:1035C00082EE012A47F268129FED651A2021C0F6AB
:1035D000010200BF5318B0EE413A043993ED001ACE
:1035E0000B1DA2EE031AF5D19FED5B2A32EE412AA4
:1035F0007AE047F268129FED5A3A2021C0F60102A4
:103600005318043993ED001A0B1DA2EE031AB0EE05
:10361000413AF5D1B1EE412AB5EE400AF1EE10FA89
:10362000B8BFB0EE421A80ED001A002040B27047D9
:10363000F5EE400AF1EE10FA41D1B5EE400AF1EE96
:1036400010FA34DD9FED441AEDE7B5EE400AF1EED5
:1036500010FA57DA80EE200AB7EE002AB1EE403AAF
:10366000B5EE400AB0EE401AF1EE10FAB8BFB0EE77
:10367000431AB4EE421AF1EE10FA4EDD82EE012A40
:1036800047F268129FED361A2021C0F6010200BFF2
:103690005318B0EE413A043993ED001A0B1DA2EE17
:1036A000031AF5D19FED2C2A32EE412A46E0B5EE01
:1036B000400AF1EE10FA02DA9FED281AB3E7FC2077
:1036C00040B2704747F268129FED253A2021C0F6BC
:1036D000010200BF5318043993ED002A0B1DA1EE1F
:1036E000032AB0EE423AF5D1B1EE421AB5EE400AE5
:1036F000F1EE10FAB8BFB0EE412A9FED1B0A32EE90
:10370000001A90E710EE101A40F6DB72C4F249027C
:1037100062F31E0101EE101A85E747F268129FED71
:10372000103A2021C0F601025318043993ED002A03
:103730000B1DA1EE032AB0EE423AF5D1B1EE421ACA
:10374000B5EE400AF1EE10FAB8BFB0EE412A9FED97
:10375000050A32EE001A66E7DB0FC93FDB0FC9BF6F
:10376000A59204BDDB0F49C0DB0F494000000000FB
:10377000B5EE001A9FED1E2AA0EE021A9FED1E2A3A
:10378000BDEEC10AB5EE401AF1EE10FA10EE100AC5
:10379000B8BF013800EE100AB8EEC00A31EE400A98
:1037A0009FED141A20EE010ABCEEC01A30EE022A78
:1037B00011EE100A410A47F2B01118BF002000FEB6
:1037C000020AC0F6010101EE100A01EB800090ED43
:1037D000012AB8EE411A30EE410AB7EE001A31EE76
:1037E000401A20EE020A90ED002AA1EE020A70476C
:1037F00083F9223E00000044000000C400000000E5
:10380000B0F800C0438803FB0CF3B3B1D2F804C096
:1038100040684A68011F043AACF1040091ED010AC6
:1038200092ED011A00F1040C30EE010A0431043269
:10383000013B80ED010A6046F0D100207047000096
:1038400001804280436070472DE9F04F93B00288B9
:1038500001904088D1F80490129010460F92079181
:103860001AB30F996FF003008D00002600EB810A58
:103870004FF07E5B2C464F4605E000BF04364446C1
:10388000B542074611D026B138463146ECF71DFF48
:1038900037443846B245A4F1040840F804BBEDD0E3
:1038A0004146ECF712FF3819E8E7129D002D00F0B1
:1038B0005581019804214FEA8508B7EE000AD0F837
:1038C00004E0681C05900F98444204200B9001EB23
:1038D00085000390AEF104000EEB850CA9F1040104
:1038E000099100EB85010A9100210E914FF0000B28
:1038F0000C900290CDE9105004941CE0109811999E
:10390000013810900398DDF820C0014411910E9900
:10391000DDF834B004310E910C99844404310C91DB
:103920000A99AB4501440B98049C0A9100F10400EC
:103930000B9000F0178105980BF101090F990BFB13
:1039400000F089450EEB800090ED001A16D261461A
:103950005B46584691ED002AB0EEC14AB0EEC23A3D
:103960000133E2184144B4EE443AF1EE10FAC8BF14
:10397000184632FE011A0132ECD100E05846B5EE8D
:10398000401A0021F1EE10FA18BF584525D0AB457A
:103990000ED200FB05B1029A02EB8101DDE9103283
:1039A00052F8047F51F8046F013B16600F60F7D1A5
:1039B0000799498881B100FB01F20E98099B00FB31
:1039C000013003EB820300BF50F8042F53F8047F4B
:1039D000013907601A60F7D10121B5EE401AF1EE06
:1039E00010FA00F0DE8080EE011ACDF83490A5EBDD
:1039F0000B090691B9F1010F0CDBDDE9100100BFE5
:103A000091ED012A0A1D21EE022A013881ED012AD9
:103A10001146F5D10798CDF820C0438873B10E99AF
:103A2000099801FB0302184692ED012A111D21EEAF
:103A3000022A013882ED012A0A46F5D1BBF1000FB6
:103A400042D00E98099E9C004FF0000C00FB0367CB
:103A5000DDF830A007E000BF0CF1010CC244DC45EA
:103A60002644129D30D00CFB05B0B9F1010F0EEBCE
:103A7000800090ED001A12DBB1EE412A10985546F5
:103A8000119A00BF92ED013A95ED014AA2EE034A68
:103A9000291D0432013885ED014A0D46F2D1002B73
:103AA000DAD0B1EE412A184635463A4692ED013A4F
:103AB00095ED014AA2EE034A291D0432013885ED35
:103AC000014A0D46F2D1C7E70F980D998142BFF424
:103AD00015AF0E9809994FEA830A0A9A00FB031C56
:103AE0000B9800FB03140D9808E000BF01300F99FC
:103AF000884242445444129D3FF400AF00FB05B19C
:103B0000B9F1010F0EEB810191ED001A11DBB1EE5D
:103B1000412A109F1546119991ED013A95ED014A00
:103B2000A2EE034A2E1D0431013F85ED014A3546C0
:103B3000F2D1002BDAD0B1EE412A1F46254661466C
:103B400091ED013A95ED014AA2EE034A2E1D043192
:103B5000013F85ED014A3546F2D1C7E79FED161AC0
:103B600000200690069800284FF0000020D1B5EE06
:103B7000401AF1EE10FA1BD10F9805FB00F100205E
:103B800089B1019A5368002293ED000AB5EE400A0C
:103B9000F1EE10FA08D1013204339142F4D10A4611
:103BA00002E0FB2004E000228A4208BF6FF004001C
:103BB00040B213B0BDE8F08F00000000000000002C
:103BC0002DE9F047458843684C68B0F800E0498823
:103BD000D2F804C0A3F1040A4FEA85084FF00009A7
:103BE0009FED180A05E000BFBEF1010E8944C244F2
:103BF00024D00CEB890623460F460AE0013F06F16C
:103C00000402A1EB070086ED001A164604EB8003C0
:103C1000EAD0B0EE401A002DF0D0B0EE401A504677
:103C20002A4600BF90ED012A93ED003AA2EE031A56
:103C30000430013A03EB8103F4D1DFE70020BDE853
:103C4000F08700BF00000000B0F800C0438803FB0D
:103C50000CF3B3B1D2F804C040684A68011F043ABB
:103C6000ACF1040091ED010A92ED011A00F1040C8F
:103C700030EE410A04310432013B80ED010A604616
:103C8000F0D100207047000070B502884368B0F89A
:103C900002E0D1F804C00021104603E0013801F130
:103CA00001010DD0BEF1000FF8D00CEB8104754678
:103CB00053F8046B013D266004EB8204F8D1EDE774
:103CC000002070BD000000009FED1E1A20EE010ACA
:103CD0009FED1E2ABDEEC01AB5EE400AF1EE10FAB5
:103CE00011EE100AB8BF013801EE100AB8EEC11A81
:103CF00030EE410A9FED141A20EE010ABCEEC01A04
:103D000030EE022A11EE100A410A47F2B01118BF34
:103D1000002000FE020AC0F6010101EE100A01EBCC
:103D2000800090ED012AB8EE411A30EE410AB7EE5C
:103D3000001A31EE401A20EE020A90ED002AA1EEA0
:103D4000020A704783F9223E00000044000000C4CC
:103D500010B5ECF72DFF8020EDF77EF85520EDF73C
:103D60007BF85520EDF778F8ECF71AFF9620ECF782
:103D70006FFFECF71DFF8020EDF76EF85520EDF793
:103D80006BF85520EDF768F8ECF70AFF9620ECF792
:103D90005FFFECF70DFF7E20EDF75EF8B620EDF744
:103DA0005BF8ECF7FDFE5020ECF722FFECF700FF8C
:103DB0008020EDF751F85520EDF74EF85520EDF73E
:103DC0004BF8ECF7EDFE9620ECF742FFECF7F0FE37
:103DD0008020EDF741F85520EDF73EF85520EDF73E
:103DE0003BF80446ECF7DCFE9620ECF731FF1E2C86
:103DF00040D1ECF7DDFE7D20EDF72EF80420EDF745
:103E00002BF8ECF7CDFE9620ECF722FFECF7D0FE76
:103E1000FD20EDF721F85520EDF71EF85520EDF7C0
:103E20001BF80446ECF7BCFE9620ECF711FF042CBF
:103E300022D1ECF7BDFE7C20EDF70EF80020EDF767
:103E40000BF8ECF7ADFE9620ECF702FFECF7B0FEB6
:103E5000FC20EDF701F85520ECF7FEFF5520ECF7BC
:103E6000FBFF0446ECF79CFE9620ECF7F1FE6CB1EC
:103E7000012002E0FF2010BD002047F6462100EBA4
:103E80004000C0F601010844807810BDECF790FEB8
:103E90004020ECF7E1FFAB20ECF7DEFFECF780FE13
:103EA0009620ECF7D5FEECF783FEC020ECF7D4FFAC
:103EB0005520ECF7D1FF5520ECF7CEFF0446ECF788
:103EC0006FFE9620ECF7C4FEAB2C21D1ECF770FE10
:103ED0004120ECF7C1FF0020ECF7BEFFECF760FEDD
:103EE0009620ECF7B5FEECF763FEC120ECF7B4FFCB
:103EF0005520ECF7B1FF5520ECF7AEFF0446ECF788
:103F00004FFE9620ECF7A4FE24B10320B5E700BFD6
:103F10000220B2E7ECF74CFE5320ECF79DFF08209F
:103F2000ECF79AFFECF73CFE9620ECF791FEECF7ED
:103F30003FFED320ECF790FF5520ECF78DFF552086
:103F4000ECF78AFF0446ECF72BFE9620ECF780FE98
:103F5000082C21D1ECF72CFE5820ECF77DFF042033
:103F6000ECF77AFFECF71CFE9620ECF771FEECF70D
:103F70001FFED820ECF770FF5520ECF76DFF5520A1
:103F8000ECF76AFF0446ECF70BFE9620ECF760FEB8
:103F9000042C03D1002010BD04206EE705206CE73F
:103FA000B0B5ECF719FE8020ECF756FF5520ECF782
:103FB00053FFECF709FE9620ECF74AFEECF70CFEF7
:103FC0008020ECF749FF5520ECF746FFECF7FCFDAD
:103FD0009620ECF73DFEECF7FFFD1420ECF73CFFDC
:103FE000B620ECF739FFECF7EFFD5020ECF700FEC0
:103FF000ECF7F2FD8020ECF72FFF5520ECF72CFFBB
:10400000ECF7E2FD9620ECF723FEECF7E5FD8020CF
:10401000ECF722FF5520ECF71FFF0446ECF7D4FD28
:104020009620ECF715FE0F2C58D1ECF7D5FD0F209C
:10403000ECF712FF00200025ECF70EFFECF7C4FDB3
:104040009620ECF705FEECF7C7FD8F20ECF704FF98
:104050005520ECF701FF0446ECF7B6FD9620ECF78F
:10406000F7FD002C3DD1ECF7B7FD1020ECF7F4FE86
:104070008220ECF7F1FEECF7A7FD9620ECF7E8FDC7
:10408000ECF7AAFD9020ECF7E7FE5520ECF7E4FEF4
:104090000446ECF799FD9620ECF7DAFD822C1FD14F
:1040A000ECF79AFD1120ECF7D7FE0020ECF7D4FED8
:1040B000ECF78AFD9620ECF7CBFDECF78DFD912017
:1040C000ECF7CAFE5520ECF7C7FE0446ECF77CFD82
:1040D0009620ECF7BDFD6CB1022502E0FF20B0BDDB
:1040E000012547F6582105EB4500C0F601010844BB
:1040F0008078B0BDECF770FD1520ECF7ADFE8020A8
:10410000ECF7AAFEECF760FD9620ECF7A1FDECF7CA
:1041100063FD9520ECF7A0FE5520ECF79DFE0446CC
:10412000ECF752FD9620ECF793FD802C1ED1ECF7B6
:1041300053FD1620ECF790FE0020ECF78DFEECF717
:1041400043FD9620ECF784FDECF746FD9620ECF756
:1041500083FE5520ECF780FE0446ECF735FD9620F3
:10416000ECF776FD24B10425BBE700BF0325B8E7D3
:10417000ECF732FD1820ECF76FFE0120ECF76CFE37
:10418000ECF722FD9620ECF763FDECF725FD982077
:10419000ECF762FE5520ECF75FFE0446ECF714FDE9
:1041A0009620ECF755FD012C02D10020B0BD00BFD8
:1041B000052596E70000000080B582B01144FB227F
:1041C00009B28DF807206A464FF0FF33CDF803306F
:1041D0000093FEF7CDFE02B080BD0000000000009D
:1041E00080B582B01144FD2209B28DF807206A46DD
:1041F0004FF0FF33CDF803300093FEF7B9FE02B065
:1042000080BD00000000000080B50A789FED2E1AE6
:10421000B3EE044ABBEE0E5A02F00F0242600A7877
:1042200012098260B1F8012052BAC260CB7891F8CD
:1042300004C000EE102A1B0143EA1C1EC0F810E067
:1042400091F804C0B8EEC00A4A7902EE10EA0CF008
:104250000F0320EE010A9FED1D1A42EA0322B8EE79
:10426000C22A03EE102A426180EE010A9FED191A5C
:1042700022EE011AB8EEC33A23EE042A9FED164A45
:1042800081EE041A9FED123A30EE030A82EE042A00
:10429000BAEE044A80ED080A31EE050A80ED090AFB
:1042A00032EE040A80ED0A0A8A7900EE102AB8EE8E
:1042B000400A80ED0D0AC97900EE101AB8EE400AE6
:1042C00080ED0E0A80BD00BFDB0FC94000FF7F47B5
:1042D000DB0F49C00000704200F07F450000000085
:1042E00080B582B01144FC2209B28DF807206A46DD
:1042F0004FF0FF33CDF803300093FEF739FE02B0E4
:1043000080BD00000000000084B001200090F0F7A4
:1043100057FC0020019048F21F70029040F20110FB
:1043200003906846F0F71CFC0420F0F759FCF0F706
:1043300093FBF9F7ADFDF7F73FFFF7F791FCF7F7C0
:104340008BFFF8F739F8F7F7EFFCF7F729FDF7F7E8
:1043500063FDF8F70DF9F8F74BF9F7F7B1FFF8F748
:10436000C3F84FF4F070EDF7FFF9ECF7C9FDF9F77A
:1043700033FBECF789FDECF7DFFAEDF72DFAF7F7F1
:1043800083FD00F07DF800BFFEE7000000000000A4
:1043900010B582B0B3EE0E3A9FED2F4A30EE040A0C
:1043A0009FED2E4A9FED2E5AB1EE047A09B230EEFF
:1043B000833A20EE040A9FED2B4A21EE041A23EEE5
:1043C000043A80EE050A9FED285A21EE846A83EEB6
:1043D000053AB2EE045ABDEEC00A32EE052A9FED50
:1043E000235A81EE051A10EE102A86EE075A22EEA5
:1043F000042AB3EE044ABDEEC33A140ABDEEC11A54
:104400008DF8004082EE042A8DF80120BDEEC54AE9
:1044100013EE103A11EE10CABDEEC22A14EE10EAE5
:104420001A098DF802201A0112EE104A42EA1C22E3
:104430008DF803204FEA1E128DF80520220A8DF810
:1044400004C042EA0E128DF806206A468DF8074035
:10445000FEF78EFD02B010BDDB0F494000FF7F4725
:10446000DB0FC94000F07F45000070420000FA43B6
:1044700080B5002808BF012000F0FEFC002080BDB0
:1044800080B500F095FD002080BD00000000000018
:1044900070B584B043698E46A3B1846994B1028932
:1044A000D0E9001C15B2B2F184060269604618BF5B
:1044B000EE1C0294CDE90063734600F0B5FF04B032
:1044C00070BD00BF038901681EB2843B028A406848
:1044D00018BFF31C009303AB0193734600F074FF05
:1044E0000399012818BF0021084604B070BD0000E0
:1044F00080B5EFF3058189B101F066F901280FD18C
:104500004EF604504FF08051CEF2000001600020C2
:10451000BFF34F8FBFF36F8F80BD00BF00F0FCFC77
:10452000002080BD0000000080B500F0A9FD002043
:1045300080BD000000000000F0B581B040F2EC2426
:104540000546C2F200440E46676A2268101D00F05C
:1045500013FB18B1681C0CD016E000BF20680121C5
:10456000C06A01FA00F0616821EA00006060681C1E
:104570000AD14EB154F8500B011D204601B0BDE8E0
:10458000F04000F065BB00BF2068ED19456007D31F
:10459000606B2168043101B0BDE8F04000F024BB3D
:1045A000206B2168043100F01FFB206A854238BF70
:1045B000256201B0F0BD00002DE9F041044600F095
:1045C00063FB40F2EC2643F63C35C2F20046C2F2F1
:1045D0000045306901303061306848B170690028A9
:1045E00040D13068E16AC06A884298BF346039E0DF
:1045F00034603069012835D1284600F0E5FA05F12C
:10460000140000F0E1FA05F1280000F0DDFA05F1F0
:104610003C0000F0D9FA05F1500000F0D5FA05F1A0
:10462000640000F0D1FA05F1780000F0CDFA40F214
:104630003068C2F20048404600F0C6FA08F114079C
:10464000384600F0C1FA06F1640000F0BDFA06F148
:104650003C0000F0B9FA06F1500000F0B5FAC6F8D7
:10466000308077637068E26AB16801230131B1601C
:1046700002EB820193401843706005EB8100211D1D
:1046800000F0E6FA00F028FB706988B13068E16A52
:10469000C06A884228BFBDE8F0814EF604504FF052
:1046A0008051CEF200000160BFF34F8FBFF36F8FD8
:1046B000BDE8F0810000000040F2EC2543F63C36F6
:1046C0004EF60458C2F20045C2F20046CEF200088F
:1046D0004FF0805703E000BF204600F015FBE8686C
:1046E000D0B100F0D1FAA86CC468201D00F044FAE3
:1046F000286901382861E8680138E86000F0ECFAC0
:1047000094F851000228EAD00128E5D070B9206B56
:1047100000F0FAFAE0E700BF30680228DFD3C8F8FB
:104720000070BFF34F8FBFF36F8FD8E74FF050008B
:1047300080F31188BFF36F8FBFF34F8FFEE7000048
:104740002DE9F0470A9F82469946DDF824803E6BAA
:104750000029089C06EB8200A0F1040020F0070667
:1047600054D0087887F83400087800284AD0487870
:1047700087F835004878002844D0887887F83600D4
:10478000887800283ED0C87887F83700C878C8B342
:10479000087987F838000879A0B3487987F8390094
:1047A000487978B3887987F83A00887950B3C8791E
:1047B00087F83B00C87928B3087A87F83C00087A64
:1047C00000B3487A87F83D00487AD8B1887A87F8EC
:1047D0003E00887AB0B1C87A87F83F00C87A88B1BD
:1047E000087B87F84000087B60B1487B87F8410070
:1047F000487B38B1887B87F84200887B10B1C87B42
:1048000087F84300002087F8430002E0002087F883
:104810003400062C07F1040028BF06240025FC62A2
:10482000C7E9114500F0DCF907F1180000F0D8F9EC
:1048300084F00700B861304651464A463F617F62C6
:10484000FD6487F8505000F047F9B8F1000F386068
:1048500018BFC8F80070BDE8F08700000000000035
:1048600008480068006880F308884FF0000080F373
:10487000148862B661B6BFF34F8FBFF36F8F00DF4E
:1048800000BF000008ED00E081B00020009040F281
:104890004C20C2F2004000684FF0500181F31188B3
:1048A000BFF36F8FBFF34F8F013003D0FEE700BF20
:1048B000009838B9009828B90098002804BF0098DB
:1048C0000028F5D001B07047B0B5044600F078FC80
:1048D00040F2643CC2F2004CDCF8040050B19CF899
:1048E0000000002818BF4FF000404FF0000594BBB7
:1048F0008FE000BF43F62070C2F20040C11D10F0EF
:10490000070221F00701A0EB010318BF084648F297
:10491000A061002AC0F201014FF0000218BF194443
:10492000CCF818000144CCF81C2021F00701A1F1BB
:104930000803CCF8043041E902220360191A4160EF
:1049400001208CF800004FF00040CCE90211002C4F
:104950004FF000055DD020405BD124F0070000251A
:1049600000F11002600708BF04F10802002A50D0CD
:10497000DCF8080082424CD8604650F818EFDEF8A8
:10498000043093422BD2DEF80010B9B174464B6864
:10499000934217D20D68ADB16B68934216D2286866
:1049A000A0B14368934215D204689CB163689342F6
:1049B00014D22168A6460029E9D110E00CF11800B4
:1049C0000DE000BF8E46204609E000BFAE46084617
:1049D00005E000BF8646284601E000BFA646DCF899
:1049E00004108E4514D0991A03681129DEF800408E
:1049F00004604DD30EEB0205680719D04FF050004C
:104A000080F31188BFF36F8FBFF34F8FFEE700BFB6
:104A1000002500F061FE68075AD04FF0500080F387
:104A20001188BFF36F8FBFF34F8F00BFFEE700BF4A
:104A30000CF118006960CEF8042000BF0168A9429B
:104A40000AD20868A8420BD20168A94204D20868B9
:104A50000A46A842F2D304E00246084601E000BF3D
:104A60000A4654681119A942696802D121441546C1
:104A700051606C18844207D1DCF80440A0421EBF8C
:104A8000D0E9000421446960AA42286018BF15607B
:104A9000DEF8040003F10805DCE90212091ACCF87B
:104AA0000810914238BFCCF80C109CF80010002977
:104AB0004FF0000118BF40F00040CEE90010DCF8D4
:104AC00010000130CCF8100000F006FE6807A4D1F9
:104AD0002846B0BD0000000044F6890321F0010122
:104AE000C0F6010340F80C3C4FF0807340F8202CD6
:104AF00040E902136FF0020140F8241CA0F14401C8
:104B0000084670470000000070B50D46044600F0EE
:104B1000BBF840F2EC26C2F200463068C06CA0B987
:104B200030684FF0010180F8501075B1012128461E
:104B3000FFF702FD4EF604504FF08051CEF2000018
:104B40000160BFF34F8FBFF36F8F00F0C5F800F027
:104B50009BF83068C56C2DB10020002C316808BF6F
:104B6000681EC8643068002180F8501000F0B4F866
:104B7000284670BD00000000D0E9013201699A604A
:104B8000D0F808C04A6882424FF00002CCF80430E6
:104B900008BFC1F804C002610868013808600868ED
:104BA00070470000000000004CF60473C2F201439D
:104BB00003604CF60450C2F201400860802010608F
:104BC000704700000000000002464FF0FF3142F83D
:104BD000081F00214260C0E9032201607047000005
:104BE000002101617047000010B5D1F800E01EF10E
:104BF000010213D000F1080462681368734511D8EC
:104C000053681C68744511D85A68146874450FD8E5
:104C10005468A44623687345EED90BE00269D2F8C4
:104C200004C007E09446224604E000BF9C4601E031
:104C300094461A46C1F804C0CCF808108A60516046
:104C4000086101680131016010BD00000000000032
:104C5000D0F800C043684B609A688A609A6899608F
:104C6000086151600CF10101016070470000000013
:104C7000DFF80C00016841F470010160704700002A
:104C800088ED00E0000000004FF0500080F3118834
:104C9000BFF36F8FBFF34F8F40F24C20C2F2004042
:104CA0000168002901F10101016001D0704700BFD6
:104CB0004EF60450CEF200000068000608BF7047B0
:104CC0004FF0500080F31188BFF36F8FBFF34F8F09
:104CD000FEE700000000000040F24C20C2F200405D
:104CE000016839B10139016018BF7047002080F3B5
:104CF000118870474FF0500080F31188BFF36F8F19
:104D0000BFF34F8FFEE7000070B5002808BF70BDED
:104D100040F264350446C2F200452878002818BFE6
:104D20004FF0004054F8041C08420DD0A4F10806CE
:104D300032689AB14FF0500080F31188BFF36F8F43
:104D4000BFF34F8FFEE700BF4FF0500080F3118894
:104D5000BFF36F8FBFF34F8FFEE700BF21EA000064
:104D600044F8040C00F02CFA54F8041CA868084419
:104D7000A86005F1180000BF0368B3420AD21868A2
:104D8000B04225D20368B34204D218681A46B04232
:104D9000F2D301E0024618465368D418B44202D157
:104DA0001944164651607318834206D16B689842C5
:104DB0001EBFD0E9000319447160B242306018BFD1
:104DC0001660686901306861BDE8704000F084BC1D
:104DD0001A465368D418B442E5D1E1E70000000058
:104DE0004EF210000021CEF2000044F6D352C1F280
:104DF00062020160816040F2A801C2F200410968CC
:104E0000A1FB02124FF0FF3101EB9211416007212B
:104E1000016070470000000040F28430EFF305812C
:104E20001029C2F2004011D34EF2F032CEF200024D
:104E3000895C0278914209D24FF0500080F31188CA
:104E4000BFF36F8FBFF34F8FFEE700BF4EF60C51DD
:104E5000CEF200010968406801F4E061814298BF28
:104E600070474FF0500080F31188BFF36F8FBFF38E
:104E70004F8F00BFFEE7000070B500283FD040F222
:104E8000EC250446C2F20045A86948B14FF0500035
:104E900080F31188BFF36F8FBFF34F8FFEE700BF22
:104EA000A8690130A8616E6A28680430FFF764FEC3
:104EB00050B12868A419446013D3686B2968043181
:104EC000FFF792FE16E000BF28680121C06A01FAD0
:104ED00000F0696821EA000068602868A41944604D
:104EE000EBD2286B29680431FFF77EFE286A8442E2
:104EF00038BF2C6200F0F0FB002818BF70BD4EF6E2
:104F000004504FF08051CEF200000160BFF34F8F8C
:104F1000BFF36F8F70BD000070B598B140F2EC2602
:104F20000446C2F200463068A04208BF70BDFFF7D9
:104F3000ABFE606906F1500188420DD0BDE87040BB
:104F4000FFF7CABE4FF0500080F31188BFF36F8F98
:104F5000BFF34F8FFEE700BFA06A0028EED1251DEA
:104F60002846FFF709FEE06A01218140726800EBE4
:104F70008000114343F63C327160C2F20042294680
:104F800002EB8000FFF764FEE06A3168C96A88427C
:104F9000D4D34EF604504FF08051CEF200000160A1
:104FA000BFF34F8FBFF36F8FBDE87040FFF794BE24
:104FB000B0B588B0002005A9CDE9050006A804AA6F
:104FC000FFF7F2FD0598B8B3069C002C3ED0049A7A
:104FD000542107910799542942D10799206302204F
:104FE00084F8510007A80025CDE9005044F2B960CB
:104FF00020A1C0F6010000230294FFF7A1FB204688
:10500000FFF7DAFA40F2EC200799C2F20040C161E2
:1050100079B14FF0500181F31188BFF36F8FBFF367
:105020004F8F4FF0FF31016201214161456200F075
:1050300007F908B0B0BD00BF4FF0500080F31188F1
:10504000BFF36F8FBFF34F8FFEE700BF4FF05000ED
:1050500080F31188BFF36F8FBFF34F8FFEE700BF60
:105060004FF0500080F31188BFF36F8FBFF34F8F65
:10507000FEE700BF49444C4500000000000000006E
:1050800070B50446FFF700FE40F2EC26002CC2F299
:10509000004608BF3468251D2846FFF76DFD80B91E
:1050A000E06A43F63C32C2F2004200EB800152F863
:1050B000211031B9012101FA00F0716821EA0000E4
:1050C0007060A06A18B104F11800FFF755FD06F1F1
:1050D00050002946FFF7BCFD94F85000012802D18A
:1050E000002084F85000FFF7F7FD706978B1FFF7F2
:1050F000CBFD306B006828B1306BC068C068406879
:1051000002E000BF4FF0FF303062FFF7E5FD30688E
:10511000844218BF70BD706960B1B06990B14FF042
:10512000500080F31188BFF36F8FBFF34F8F00BF24
:10513000FEE700BF306D316988420FD1002030603A
:1051400070BD00BF4EF604504FF08051CEF200000B
:105150000160BFF34F8FBFF36F8F70BDB06918B19F
:105160000120B06270BD00BF0020B0627068B0FA6C
:1051700080F0C0B243F63C31C0F11F00C2F20041E2
:1051800000EB800051F8202072B101EB800151F852
:10519000040F0A1D40680860904201D14068086011
:1051A000C068306070BD00BF4FF0500080F31188C0
:1051B000BFF36F8FBFF34F8FFEE7000000000000CA
:1051C00040F2EC20C2F200408169013181617047F8
:1051D00040F2EC20C2F20040816919B101218162E4
:1051E000704700BF002181624168B1FA81F1C9B204
:1051F00043F63C32C1F11F01C2F2004201EB8101D2
:1052000052F8213063B102EB810252F8041F131DE2
:105210004968116099420DD0C9680160704700BFAC
:105220004FF0500080F31188BFF36F8FBFF34F8FA3
:10523000FEE700BF49681160C9680160704700005F
:10524000B0B584B04EF2004C4CF27021CEF2000C9E
:10525000C4F20F114B1CDCF800299A420AD14FF01E
:10526000500080F31188BFF36F8FBFF34F8F00BFE3
:10527000FEE700BFDCF800298A4209D14FF0500058
:1052800080F31188BFF36F8FBFF34F8FFEE700BF2E
:105290009CF800100291FF218CF800109CF800107F
:1052A0008DF8071040F284319DF80720C2F20041CA
:1052B00002F050020A7007224A609DF90720B2F1FD
:1052C000FF3F69DC0322D31C4B609DF807004000C0
:1052D0008DF807009DF90700B0F1FF3F24DC931C17
:1052E0004B609DF8070040008DF807009DF907000E
:1052F000B0F1FF3FDFBF531C4B609DF8070040003B
:10530000DEBF8DF807009DF90700B0F1FF3F0BDC11
:105310004A60043A9DF8070040008DF807009DF9A7
:1053200007000028CFD4131D032B35D14FF4407054
:10533000486002988CF80000DCF8200940F4700006
:10534000CCF82009DCF8200940F07040CCF82009A6
:10535000FFF746FD40F24C240025C2F200442560D0
:10536000FFF786FC4EF63470CEF20000016841F083
:1053700040410160FFF774FAFFF72AFF03952068A8
:105380004FF0500181F31188BFF36F8FBFF34F8F40
:1053900001300DD0FEE700BF4FF0500080F31188C0
:1053A000BFF36F8FBFF34F8FFEE700BF039838B98D
:1053B000039828B90398002804BF03980028F5D063
:1053C000002004B0B0BD00002DE9F04383B00746D3
:1053D0009000984615468946FFF776FAF8B10646DA
:1053E0005420FFF771FAB8B104460022DDE90A1033
:1053F0002663434684F851202A46CDE900103846FA
:1054000049460294FFF79CF92046FFF7D5F80120A2
:1054100003B0BDE8F08300BF3046FFF775FC4FF0E6
:10542000FF3003B0BDE8F08370B586B00B9CDCB1F3
:105430000C9E1EB354250495049D542D28D1DDF8EF
:1054400028C0049D3463022586F85150CDF800C071
:1054500005ADCDE90156FFF773F93046FFF7ACF81B
:10546000059806B070BD00BF4FF0500080F3118862
:10547000BFF36F8FBFF34F8FFEE700BF4FF05000B9
:1054800080F31188BFF36F8FBFF34F8FFEE700BF2C
:105490004FF0500080F31188BFF36F8FBFF34F8F31
:1054A000FEE7000000000000F0B581B0D0B1044676
:1054B0001F4616460D46FFF7E7FB002F4FF002018F
:1054C0001CBFE06C386094F85000042E84F8501033
:1054D00012D8DFE806F028031F275100E16C2943AA
:1054E0001AE000BF4FF0500080F31188BFF36F8FB8
:1054F000BFF34F8FFEE700BFE16C013113D04FF0D7
:10550000500080F31188BFF36F8FBFF34F8F00BF40
:10551000FEE700BFE16C0131E16401284FF00105B5
:105520002DD104E0E56401284FF0010527D1261DA7
:105530003046FFF721FBE06A05FA00F140F2EC2566
:10554000C2F2004500EB80006A68114343F63C322A
:10555000C2F20042696002EB80003146FFF778FB3F
:10556000A06A88B14FF0500080F31188BFF36F8FAD
:10557000BFF34F8FFEE700BF02281BD10025FFF7C6
:10558000ABFB284601B0F0BDE06A2968C96A8842D1
:1055900016D94EF604504FF08051CEF2000001258E
:1055A0000160BFF34F8FBFF36F8FFFF795FB284666
:1055B00001B0F0BDE56401284FF00105DFD1B6E789
:1055C0000125FFF789FB284601B0F0BD000000006F
:1055D0002DE9F04740F2EC26C2F20046B06928B14E
:1055E000F06A0130F0620020BDE8F087706A10F1C7
:1055F000010AC6F824A020D3306B006850B14FF0E8
:10560000500080F31188BFF36F8FBFF34F8F00BF3F
:10561000FEE700BF306B716B31637063B06B0130BC
:10562000B063306B006828B1306BC068C0684068F8
:1056300002E000BF4FF0FF303062306A43F63C3882
:105640008245C2F2004801D2002434E0306B0024CD
:10565000006868B34FF0010916E000BFF86A72688D
:1056600009FA00F100EB800011437160294608EB54
:105670008000FFF7EDFAF86A3168C96A326B884238
:10568000106828BF4C4698B1306BC068C7683D466B
:1056900055F8040F82450DD32846FFF76DFAB86A16
:1056A0000028DBD007F11800FFF766FAD6E700BF45
:1056B0004FF0FF3030623068C06A00EB800058F86D
:1056C0002000012888BF0124B06A002818BF0124E7
:1056D0002046BDE8F08700002DE9F04140F2EC25BE
:1056E000C2F20045A86968B1FFF7CEFAA86901388F
:1056F000A861A86980B10024FFF7EEFA2046BDE852
:10570000F08100BF4FF0500080F31188BFF36F8F1E
:10571000BFF34F8FFEE700BF28690028EBD0686E0B
:1057200078B343F63C380126C2F20048286FC768B8
:1057300007F11800FFF720FA3C1D2046FFF71CFA7E
:10574000F86A6A6806FA00F100EB800011436960AC
:10575000214608EB8000FFF77BFAF86A2968C96ADE
:10576000884228BFAE62686E0028DFD1286B0068CF
:1057700020B1286BC068C068406801E04FF0FF307E
:105780002862EC6A4CB10126FFF722FF002818BFFF
:10579000AE62013CF8D10020E862A86A0028AAD0D5
:1057A0004EF604504FF08051CEF20000012401600B
:1057B000BFF34F8FBFF36F8FFFF78EFA2046BDE820
:1057C000F0810000000000002DE9F041E0B1054645
:1057D000FFF722FB40F2EC26EFF311874FF0500069
:1057E00080F31188BFF36F8FBFF34F8FC2F2004673
:1057F000686906F15001884210D0002487F31188AF
:105800002046BDE8F08100BF4FF0500080F31188C2
:10581000BFF36F8FBFF34F8FFEE700BFA86A28B1B9
:10582000002487F311882046BDE8F081B06958B1A3
:1058300005F1180106F16400FFF70AFA002487F366
:1058400011882046BDE8F081E86A316805F1040856
:105850000024C96A8842404628BF0124FFF78CF91A
:10586000E86A01218140726800EB8000114343F631
:105870003C327160C2F20042414602EB8000FFF709
:10588000E7F987F311882046BDE8F08103B4019859
:105890004100009850EAC12018BF04204A0D18BFEB
:1058A00040F0010040F2FF72B2EB515F08BF40F0E0
:1058B0000200012808BF052002B07047410008021D
:1058C00018BF04200A0E18BF40F001004FF07F42BD
:1058D00032EA010108BF40F00200012808BF05209C
:1058E0007047000010B54FF00E402DED028BB0EE6A
:1058F000408A18EE104A00EB4400B0F1506F4AD8CD
:105900004FF0FC40B0EB440F22D2B0EEC80AF7EEE5
:10591000000A30EEC00AF6EE000A60EE208A18EEA9
:10592000900A01F00DFA01EE100A14F0004F1DBFAD
:10593000DFED2D0A9FED2D0AB1EE411ADFED2C0AA5
:1059400008BF9FED2C0AF8EE001A21EE218A05E02F
:10595000DFED290A68EE088AB0EE600A9FED271A8B
:10596000DFED271A30EE080A48EE811A9FED251A5E
:1059700008EEA11ADFED241A48EE811A9FED231AD2
:1059800008EEA11A68EE281ABDEC028B01EE810A1E
:1059900030EE200A10BD4FF0E440B0EB440F0CD9BC
:1059A00018EE100AFFF78AFF042808BF01F00AF971
:1059B000B0EE480ABDEC028B10BD4FF07F40B0EB5B
:1059C000440F07D2B0EE480ABDEC028BBDE8104090
:1059D00001F0E2B80120EAF7FAFEBDEC028BBDE867
:1059E000104001F0DFB800000000C9BF22AAFDB9D5
:1059F0000000C93F22AAFD390000000024FE1C3D22
:105A0000C78AD83C1E67383D1B93993DAFAA2A3EF2
:105A100070B54FF068422DED048BF0EE408A18EE21
:105A2000900AB0EE608A18EE101A02EB4003B3F150
:105A3000654F3CBF02EB4102B2F1654F7DD200BF22
:105A4000C0F3C753C1F3C7529A1A1B2A09DD10F0DD
:105A5000004F14BF9FED830A9FED830ABDEC048BBA
:105A600070BD12F11A0F36DA11F0004F09D010F0A4
:105A7000004F0CBF9FED7D0A9FED7D0ABDEC048BAE
:105A800070BD88EE889A19EE100AFFF717FF0428F8
:105A900008BF01F097F818EE900AFFF70FFF0546D0
:105AA00018EE100AFFF70AFF044619EE100AFFF776
:105AB00005FF042D18BF052D08D1042C18BF052C97
:105AC00004D1002804BF0220EAF781FEB0EE490AA3
:105AD000BDEC048B70BD4200B2EB410F3AD910F01F
:105AE000004F19BFDFED630A9FED630ADFED630A24
:105AF0009FED630AB0EE481A0A46B1EE688A80F05C
:105B00000041F0EE418A10460A1A5200B2F1807F3D
:105B100034D2484010F0004FDFED5A1A9FED5A2A58
:105B20001DBFBEEE001A70EEE10A30EE420AB6EE7C
:105B3000001A08BF70EEA10A00E040E008BF30EE96
:105B4000020AB0EE682A01EE482A08EE818AC2EE07
:105B5000081A15E011F0004F04BF9FED4C0AF0EE5B
:105B6000400AD1D010F0004F19BFDFED490A9FED78
:105B7000490ADFED490A9FED490AC5E7C8EE881AD0
:105B800021EEA11A9FED462ADFED462A41EE022AB8
:105B90009FED452A01EE222ADFED442A41EE022A3A
:105BA0009FED432ABDEC048B01EE222A21EE811ADF
:105BB00001EE020A30EE210A30EE200A70BD4FF0ED
:105BC0007F42B2EB400F28BFB2EB410F09D2F0EE9B
:105BD000480AB0EE680ABDEC048BBDE8704000F0E6
:105BE000DEBF40EA01035B0008BF41F0FF410BD07C
:105BF000B2EB400F08BFB2EB410F08D120F080405C
:105C000008EE900A21F0804108EE101A18E7B2EB76
:105C1000400F12BF5FEA410340F0FF4001F0004136
:105C20003FF40EAFB2EB410F12BF5FEA400200F04B
:105C3000004041F0FF413FF403AF4A0092EA4003C5
:105C40003FF5FEAE002AACBF9FED1A0A9FED1A0A7F
:105C500068EE808A28EE008A18EE900A18EE101A74
:105C6000EEE60000DB0FC9BFDB0FC93FDB0F494089
:105C7000DB0F49C00000C9BF22AAFDB90000C93F1F
:105C800022AAFD390060ED3EC30ACE3700000000B5
:105C9000000049C022AA7DBA0000494022AA7D3AEC
:105CA0002DAD65BD8FB8D53D0FB511BE61C84C3E59
:105CB000A8AAAABE0000804F0000802F10B54FF0A8
:105CC0000E412DED028BB0EE408A18EE100A01EB6A
:105CD0004001B1F1145F5CD24FF0FE41B1EB400FD7
:105CE00024BF9FED400AF0EE400A12D210F0004FA0
:105CF00019BFDFED3D0A9FED3D0ADFED3D0A9FED47
:105D00003D0AFFEE001A81EE881AB0EE418A18EEC5
:105D1000100A4FF0FC41B1EB400F1BD210F0004FC6
:105D2000DFED351A9FED352A1DBFBEEE001A70EE6D
:105D3000E10A30EE420AB6EE001A04BF70EEA10A84
:105D400030EE020A38EE412AF7EE001A48EE011A48
:105D500082EE218ADFED2A1A9FED2A2A28EE081A00
:105D600001EE212ADFED281A41EE021A9FED272AC3
:105D700001EE212ADFED261A41EE021A28EE011A61
:105D800001EE210A30EE080ABDEC028B30EE200A4B
:105D900010BD4FF0E441B1EB400F0CD918EE100AE2
:105DA000FFF78CFD042808BF00F00CFFB0EE480A96
:105DB000BDEC028B10BD4FF07F41B1EB400F07D21D
:105DC000B0EE480ABDEC028BBDE8104000F0E4BE26
:105DD00010F0004F14BF9FED0F0A9FED0F0ABDECAE
:105DE000028B10BD000000000000C9BF22AAFDB94F
:105DF0000000C93F22AAFD390060ED3EC30ACE373C
:105E00002DAD65BD8FB8D53D0FB511BE61C84C3EF7
:105E1000A8AAAABEDB0FC9BFDB0FC93F0000000064
:105E200010B529499FED261B2DED020B84B0059876
:105E300020F000408842D8BF9DED040B2DDD2349A2
:105E4000884209D1049840B94FF00100EAF7BFFC3D
:105E500000F08AFE06B010BD05DB9DED040B30EEB0
:105E6000000B06B010BD68469DED040B00F018FB5A
:105E700010F0030004BF9DED021B9DED000B0CD044
:105E800001280ED09DED021B9DED000B022810D0C5
:105E9000012000F025FD06B010BD00F085FC06B025
:105EA00010BD9DED021B9DED000B012000F018FDC3
:105EB00001E000F079FCB1EE400B06B010BD00002F
:105EC0000000000000000000FB21E93F0000F07F1F
:105ED00010EE101A08B5444A6846B2EB410F28D9B3
:105EE0004FF0E640B0EB410F94BF00204FF0FF3081
:105EF00000900098002861DB60EE000A10F0010FAE
:105F000045D010F0020FDFED391A9FED391A00EE7F
:105F1000A11ADFED381A40EE811A21EEA01AF0EE38
:105F2000400A40EE010A08BFF1EE600AB0EE600AD6
:105F300008BD314B21F0004293423CD911F0004F93
:105F4000DFED2E0A20EE201ADFED2D0A19BF31EE0B
:105F5000601A71EE200A31EE201A71EE600ABDEE71
:105F6000E01A11EE100A9FED271A00F0030000EE70
:105F7000C10A9FED251A009000EEC10A9FED231A79
:105F800000EEC10A9FED221A00EEC10AB1E79FEDB3
:105F9000211A9FED210A10F0020F00EE810A9FEDF9
:105FA0001F1A00EE801AB7EE000A00EE810A18BF31
:105FB000B1EE400A08BD00F00DFE9AE710EE100A9F
:105FC0004000B0F17F4F3CBFB7EE000A08BD07D1DB
:105FD0004FF00100EAF7FBFBBDE8084000F0E2BD2E
:105FE000BDE8084000F0D8BDB61F927E336D4CB9B5
:105FF000DA82083CA0AA2ABE490E494683F9223F0C
:106000000000004B0000C93F00A0FD390020A23372
:106010001A61342CB93AB2BACA9F2A3DDDFFFFBEDD
:1060200070B510EE100A2DED028B20F0004510EE39
:10603000900A20F00044AC4202DD28462546044682
:1060400008EE105A08EE904A281BB0F1686FC2BFE4
:1060500038EE280ABDEC028B70BD0026B5F1BC4FAE
:1060600029DDB5F1FF4F1DDBF0EE680AB0EE480AFE
:1060700030EE200A6FF0FF4057492A188A4227BFA6
:1060800020448842BDEC028B70BD6802400A08BF04
:10609000B0EE480AB4F1FF4F08BFB0EE680ABDEC9D
:1060A000028B70BDA5F12055A4F1205408EE105AC2
:1060B00008EE904A5026B4F1185F15DAB4F5000FD7
:1060C00009DA002C7ED09FED450A783E68EE808A82
:1060D00028EE008A08E005F1205104F1205008EE76
:1060E000101A08EE900A503E38EE681AF4EEC18A93
:1060F000F1EE10FA18D218EE100A68EEE80A00F570
:1061000000606FF30B0000EE100A38EE401A78EED4
:10611000001A41EE610A50EE000A10EE900A00F0FB
:106120000FFE00EE100A29E018EE900A38EE080A79
:10613000F0EE002A00F500606FF30B0000EE900A0D
:1061400010EE100A38EEE02A00F500606FF30B0045
:1061500001EE900A61EEA21A30EE610A21EE822A67
:1061600000EE282A21EE410A30EE420A11EEA00A82
:1061700010EE100A00F0E4FD00EE100A002E04BF3D
:10618000BDEC028B70BDF7EE000A10EE100A06EBB4
:10619000D050FF2808DB0220EAF719FBBDEC028B88
:1061A000BDE8704000F006BD10EE900A00EBC6504E
:1061B00000EE900A20EE808A18EE100AFFF77EFBB0
:1061C000042800E002E008BF00F0FCFCB0EE480A42
:1061D000BDEC028B70BD0000FFFF3F000000807B24
:1061E00010B529499FED261B2DED020B84B00598B3
:1061F00020F000408842DCBF00209DED040B2EDD26
:106200002249884209D1049840B94FF00100EAF7C9
:10621000DEFA00F0A9FC06B010BD05DB9DED040B15
:1062200030EE000B06B010BD68469DED040B00F08B
:1062300037F910F003000DD0012814D09DED021B9A
:106240009DED000B022816D000F0AEFAB1EE400B27
:1062500006B010BD9DED021B9DED000B012000F06E
:106260003FFB06B010BD9DED021B9DED000B00F045
:106270009BFA06B010BD012000F032FBE6E70000FB
:106280000000000000000000FB21E93F0000F07F5B
:1062900000B510EE101A2DED028B81B0524A6846FF
:1062A000B2EB410F2ED94FF0E640B0EB410F94BF57
:1062B00000204FF0FF3000900098B0EE408A002898
:1062C0006ADB10F0010F4BD068EE080A9FED471A09
:1062D0009FED470A00EE810A9FED461A10F0020F6B
:1062E00000EE801AB7EE000A00EE810A02BF01B08C
:1062F000BDEC028B00BD00BF01B0B1EE400ABDECA9
:10630000028B00BD3C4B21F00042934241D911F079
:10631000004FDFED3A0A20EE201ADFED390A19BFEF
:1063200031EE601A71EE200A31EE201A71EE600A29
:10633000BDEEE01A11EE100A9FED321A00F00300D4
:1063400000EEC10A9FED301A009000EEC10A9FEDE9
:106350002F1A00EEC10A9FED2E1A00EEC10AABE71C
:1063600028EE080A9FED2B1ADFED2B0A10F0020F22
:1063700040EE010A9FED291A00EE201A61EE000A94
:10638000B0EE480A08EE200AB6D101B0BDEC028B8F
:1063900000BD00F01FFC8FE718EE100A4000B0F1BE
:1063A0007F4F0DD218EE100AFFF788FA042808BFB5
:1063B00000F008FCB0EE480A01B0BDEC028B00BD55
:1063C00009D10120EAF703FA01B0BDEC028B5DF8B8
:1063D00004EB00F0E7BB01B0B0EE480ABDEC028B65
:1063E0005DF804EB00F0D8BBB61F927EB93AB2BAA2
:1063F000CA9F2A3DDDFFFFBE490E494683F9223F71
:106400000000004B0000C93F00A0FD390020A2336E
:106410001A61342C336D4CB9DA82083CA0AA2ABE2A
:1064200010B51D499FED1A1B2DED020B84B0059888
:1064300020F000408842DCBF01209DED040B21DDEF
:106440001649884209D1049840B94FF00100EAF793
:10645000BEF900F089FB06B010BD05DB9DED040B15
:1064600030EE000B06B010BD68469DED040B00F049
:1064700017F800F001000121A1EB40009DED021B87
:106480009DED000B00F07CFA06B010BD000000008E
:106490000000000000000000FB21E93F0000F07F49
:1064A0002DE9F14F04462DED020B2DED048B94B038
:1064B0009FED9D0B80ED020B199E9D4826F0004537
:1064C00085420ADC9DED180B002084ED000B14B012
:1064D000BDEC048B03B0BDE8F08F96489FED969B12
:1064E0009FED978BA84225DD97489FED991B9FED67
:1064F0009A2B9DED180B002E0DDD30EE490B8542D9
:1065000012BF30EE480B30EE410B30EE420B84ED03
:10651000000B0120DBE730EE090B854212BF30EEA5
:10652000080B30EE010B30EE020B84ED000B4FF048
:10653000FF30CCE78A48A84253DB9DED180B51ECA5
:10654000100B00F0F1FB41EC100BB0EE401B9FED87
:10655000862BB6EE000B01EE020BFDEEC00B10EE2B
:10656000903A00EE903AB8EEE02BB0EE410B02EE1E
:10657000490B22EE081BDFF8F8C1290D0120FC446D
:1065800030EE411B84ED001B03281DD011EE902A34
:1065900000EB4015113DC2F30A528A1A954213DAF4
:1065A000B0EE403B0CEB001292ED000B20EE021B14
:1065B00033EE410B33EE403B33EE411B92ED023B99
:1065C00012EE031B401CDBE7002EA8BF1846BFF6E7
:1065D0007EAF94ED000BB1EE400B84ED000B584202
:1065E00075E7C6F3130040F4801EC6F30A50A0F20C
:1065F000F530471100F01F05C5F12000DDF860B04F
:10660000139000200890099005200DF1080C5949BD
:10661000002D07EB0002794408BF51F8221009D081
:1066200051F8223001EB8201AB404A68139922FAFB
:1066300001F11943A1FB0E26A1FB0B131A449A4248
:1066400034BF0123002303EB06080CEB8003D3E9DE
:1066500001A60E448E4234BF0121002192448A4497
:1066600011B1924502D903E0924501D2012100E027
:106670000021C3E901A641444CF82010011EA0F1FD
:106680000100C4DC04989DED050A00F10050810F63
:106690000498DDED060A80009DED072A01EE100A40
:1066A000B8EEC13BB8EE401B9FED334B21EE041B0F
:1066B000B8EE600B9FED324B20EE040BB8EE422B90
:1066C0009FED314B22EE042B30EE024B34EE014BAA
:1066D00034EE034B8DED004B002000909DED004B00
:1066E00034EE433B33EE411B31EE400B32EE401BA8
:1066F0009DED000B9FED262B20EE020B9FED262B30
:1067000001EE020B9DED001B9FED252B01EE020B10
:10671000199810F0004F1CBF4942B1EE400B84EDB8
:10672000000B0846D3E60000000000000000000057
:10673000FB21E93F7CD9024000004054FB21F93F96
:106740003163621A61B4D03DFB21F93F00000000C3
:106750000000601A61B4D03D7370032E8A19A33B08
:10676000FB2139410000000083C8C96D305FE43F60
:1067700046080000DE070000000000000000103E98
:10678000000000000000103C000000000000103A73
:106790003326A611460B113C182D4454FB21F93D1C
:1067A00000000054FB21F93D10B52DED040B2DED3B
:1067B000048B82B0B0EE419B079820F00044B4F106
:1067C000795F0FDA9DED060BBDEEC00B10EE100ADF
:1067D000002801BFB7EE000B02B0BDEC048B04B083
:1067E00008BF10BD9DED060B20EE008BB0EE480BF0
:1067F0001B480621784400F039F820EE080B28EEFB
:10680000000B9DED061B01EE490BB6EE001B28EEBA
:10681000011B1448B7EE002B8442BCBF31EE400B85
:1068200032EE400B16DB1048A042BCBFB5EE023B77
:106830008DED003B06DBA4F50010019000200090D8
:106840009DED003B31EE431B32EE432B31EE400B0E
:1068500032EE400B02B0BDEC048B04B010BD000062
:10686000A00500003333D33F0000E93FB0EE401BEA
:10687000491E00EBC10292ED000B31F006020DD073
:10688000491E00EBC10292ED002BB0EE403BB0EE92
:10689000420B03EE010B31F00602F1D1022914D0B4
:1068A00004290AD0062918BF704790ED0A2B00EE84
:1068B000012B90ED080B02EE010B90ED062B00EE84
:1068C000012B90ED040B02EE010B90ED022B00EE7C
:1068D000012B90ED000B02EE010B70470000000051
:1068E00031B504462DED040B2DED068BB0EE419B2A
:1068F00007989DED060B20F00040B0F1795F0DDAAE
:1069000051EC100BFEF7C2FF042808BF00F038F965
:106910009DED060BBDEC068B05B030BD20EE008B67
:1069200028EE00ABB0EE480B114805217844FFF784
:106930009DFF9FED111B8CB1B6EE002B29EE022BB3
:106940000AEE402B18EE029B0AEE419B9DED060BD2
:1069500030EE490BBDEC068B05B030BD08EE001BD8
:106960009DED060B0AEE010BBDEC068B05B030BDAC
:106970008805000000000000495555555555C5BF14
:10698000F1B505462DED040B2DED0A8B84B0B0EE6C
:10699000418B0F9E684826F00044B7EE009BBFEE87
:1069A00000AB844207DA9DED0E0BBDEEC00B10EE7E
:1069B000100A00287BD0614FA7421DDC002E07DAA9
:1069C0009DED0E0BB1EE400B8DED0E0BB1EE488B35
:1069D0009DED0E0B9FED5A1B31EE400B8DED000B24
:1069E0009FED590B30EE480B9DED001B31EE000B77
:1069F0008DED0E0B9FED568B9DED0E0B20EE000BDB
:106A00008DED000B20EE00CBB0EE4C0B5248062172
:106A10007844FFF72BFFB0EE40BBB0EE4C0B4F4875
:106A200006217844FFF722FF9DED001B20EE012B8D
:106A30009DED000B9DED0E1B20EE011B3BEE022B8E
:106A4000B0EE480B01EE020B9DED002B02EE008B29
:106A50009FED430B01EE008B9DED0E0B30EE080B0E
:106A6000A74248DC01EE105AB8EEC11B20EE002B05
:106A700030EE013B82EE030B30EE480B9DED0E2B0A
:106A800032EE400BB0EE002B00EE421B022000EA7B
:106A9000A670C0F1010000EE100AB8EEC00B21EEA6
:106AA000000B04B0BDEC0A8B05B0F0BDFFE7691C1C
:106AB0000E982143084306D0012D0FD09DED0E1BEB
:106AC0008AEE010BEDE79DED0E0B51EC100B00F083
:106AD0002BF941EC110B89EE010BE2E79DED0E0B5A
:106AE00051EC100BFEF7D2FE042808BF00F048F866
:106AF0009DED0E0BD5E7012DD3D08DED000B0020C1
:106B000000909DED001B9DED0E2B31EE421B38EEEB
:106B1000411B8AEE002B8DED022B02909DED020BA6
:106B20009DED003B00EE039B00EE019B02EE090B86
:106B3000B7E70000000000000000303E2894E53F69
:106B4000182D4454FB21E93F075C143326A6813CF1
:106B50000000000000000000CC040000EA04000077
:106B6000635555555555D53F9FED031B81EE010BE0
:106B7000704700000000000000000000000000005E
:106B80009FED030B20EE000B70470000000000009B
:106B9000000000000000001030EE000A704730EEE8
:106BA000200A7047DFED020A80EEA00A704700005D
:106BB000000000009FED020A20EE000A704700006E
:106BC000000000709FED020A20EE000A70470000EE
:106BD000000000102DE9F0014FF07F42B2EB410FB1
:106BE0009FBF4FF0FF310160BDE8F00170474FF0EB
:106BF000004242EA0123C1F3C752783A551112F01C
:106C00001F0C434CCCF120067C44C1F3C752A2F1C7
:106C100078024FEA621204EB820254F8254008BF62
:106C2000D2E9015612D0556804FA0CF425FA06F799
:106C30003C43976805FA0CF527FA06F8D26807FA7C
:106C40000CFCF24045EA08054CEA0206A4FB034CA2
:106C5000A5FB0352A6FB03631D449D4234BF0126DE
:106C600000261319334416B1934202D903E093422C
:106C700001D2012200E00022624402F1200C9206BF
:106C8000DC0C42EA443200EE102A5B03DFED210AFD
:106C9000F8EEC01A00EE103A4FEA9C1C11F0004FBB
:106CA000B8EE400AC0F800C020EE201A00EE105ADC
:106CB000DFED190AB8EE400A20EE200A71EE810AD3
:106CC00070EE800A10EE902A02F500626FF30B025C
:106CD00000EE902A70EEE11A31EEC11ADFED101AC3
:106CE00030EE411A9FED0D0A20EE800A01EE210AD6
:106CF0009FED0C1A00EE810A04BFBDE8F001704759
:106D0000CCF180510160BDE8F001B1EE400A70475E
:106D100088020000000000360000802C22AAFD2915
:106D2000DB0FC92F0000C92F82B0CDE9000121F08F
:106D3000004001909DED000B02B051EC100B70472C
:106D400010B500EE100A2DED028BB1EEC08A18EEE0
:106D5000100A20F00040C0F1FF40C00F0AD010EE32
:106D6000100A20F00040C0F1FF40C00F04BF012016
:106D7000E9F72DFD18EE100ABDEC028B10BDF1EE07
:106D8000100A4FF6FF71C0F2C03120EA010040F056
:106D90004070E1EE100A70474C5555555555A53FCA
:106DA0007751C1166CC156BF9015CB19A001FA3EA0
:106DB000AD529C804F7E92BEC4B1B4BD9EEE213ECA
:106DC000D43888BEE9FAA8BD00004054FB21F93F41
:106DD0003163621A61B4D03D0000601A61B4D03DE5
:106DE0007370032E8A19A33B0000002E8A19A33B5F
:106DF000C14920259A837B39000000000000000073
:106E00006E83F9A22915444ED15727FCC0DD34F515
:106E1000999562DB4190433CAB6351FE61C5BBDE9B
:106E20003A6E24B7E0D24D42EA2E49061C92D109AF
:106E30001CEB1DFE3EA729B1F53582E88444BB2E2C
:106E400026709CE9417E5FB439D69139F439538379
:106E50008B5F849C3B28F9BDFF97F81F0F9805DED8
:106E60008B112FEF1F6D0A5ACF7E366DB709CB27D6
:106E7000663F464F2DEA5F9EC7BA27757BF1E5EB6B
:106E8000F739073DEA92528AB15FFB6B085D8D1FAF
:106E900046300356000000006E83F9A22915444EC7
:106EA000D15727FCC0DD34F5999562DB4190433C16
:106EB000AB6351FE00000000A6F810111111813FD4
:106EC000D561C119A0012ABF7DFEB157E31DC73EA0
:106ED000EB9C2B8AE6E55ABE7CD5CF5A3AD9E53DE4
:106EE0007AFE10111111C13F37D60684F464963F23
:106EF000280356C9226D6D3F0165F2F2D844433F25
:106F0000A69237A0887E143F735360DBCB75F3BE27
:106F1000FE41B31BBAA1AB3F93846EE9E326823FE7
:106F20001583E0FEC8DB573F68108D1AF726303F07
:106F3000E9A7F0320FB8123FD47ABF74702AFB3E33
:106F40000000000000000000000000000000000041
:106F5000000000000100000002000000030000002B
:106F60000400000000000000050000000000000018
:106F7000000000000000000006000000000000000B
:106F8000000000000000000007000000F779010881
:106F9000A1C900080000000000000000000100007E
:106FA0000000000000000000207A010849CC000821
:106FB00000000000000000000001000000000000D0
:106FC000000000000C7A0108C1CC0008030000009A
:106FD0000000000080000000000000000000000031
:106FE000C679010831CE0008000000000000000052
:106FF000000800000000000000000000D579010832
:1070000089CE000800000000000000000001000020
:107010000000000000000000BE79010899CE0008C1
:10702000FFFF0000000000008000000000000000E2
:1070300000000000167A010829D0000800000000B6
:10704000000000000002000000000000000000003E
:10705000B479010879CA00080200000000000000AD
:10706000000200000000000000000000EA790108B2
:1070700079D300080000000000000000800000003C
:1070800000000000000000002B7A010851DE00081B
:1070900000000000000000000002000000000000EE
:1070A00000000000000408102040010408102040E7
:1070B000000000000102030401020304060708099E
:1070C0000000803F00000000000000000000000001
:1070D0000000000000000000000000000000803FF1
:1070E00000000000000000000000000000000000A0
:1070F00000000000000000000000803F00000000D1
:10710000000000000000000000000000000000007F
:10711000000000000000803F0000000000000000B0
:10712000000000000000000000000000000000005F
:107130000000803F00000000000000000000000090
:107140000000000000000000000000000000803F80
:10715000010002000400060008000A000C001000F4
:107160002000400080000001000000000100803F7E
:10717000C90CC0B7E565AABE435690BB3C695D3EED
:10718000EBFCA9BC08B732BEE745093EA59204BD99
:107190000001020304050607080C101418203040F3
:1071A00001010103070100000804020408010101B4
:1071B00000000000920E493CB10AC93C2BC3163DA9
:1071C0002EFB483D752B7B3D04A9963D80B6AF3D17
:1071D00036BDC83D2FBCE13D73B2FA3D87CF093EB5
:1071E0008340163EB5AB223EA2102F3ECF6E3B3EF3
:1071F000C2C5473E0115543E135C603E7F9A6C3E0B
:10720000CCCF783EC07D823E938E883E229A8E3EC1
:1072100032A0943E86A09A3EE59AA03E128FA63EEA
:10722000D47CAC3EEF63B23E2A44B83E491DBE3E1C
:1072300015EFC33E53B9C93ECA7BCF3E4136D53E5A
:1072400080E8DA3E4F92E03E7533E63EBBCBEB3E44
:10725000EA5AF13ECBE0F63E275DFC3EE4E7003F14
:107260003D9C033F824B063F9BF5083F6B9A0B3FCB
:10727000DA390E3FCDD3103F2A68133FD9F6153FB8
:10728000C07F183FC6021B3FD17F1D3FCBF61F3F7B
:107290009967223F25D2243F5636273F1594293F30
:1072A0004AEB2B3FDE3B2E3FBB85303FC9C8323F08
:1072B000F304353F233A373F4268393F3B8F3B3F2A
:1072C000F9AE3D3F67C73F3F70D8413F01E2433FC2
:1072D00003E4453F65DE473F12D1493FF8BB4B3FD2
:1072E000029F4D3F207A4F3F3D4D513F4918533F3C
:1072F00031DB543FE595563F5348583F6AF2593FBA
:107300001A945B3F532D5D3F05BE5E3F2146603FB3
:1073100097C5613F5A3C633F59AA643F880F663F57
:10732000D86B673F3CBF683FA7096A3F0C4B6B3F78
:107330005E836C3F93B26D3F9ED86E3F73F56F3F97
:107340000809713F5213723F4714733FDD0B743FBE
:107350000BFA743FC6DE753F07BA763FC58B773FA1
:10736000F853783F9812793F9DC7793F02737A3F6F
:10737000BE147B3FCDAC7B3F283B7C3FC9BF7C3FED
:10738000AC3A7D3FCCAB7D3F23137E3FB0707E3F58
:107390006DC47E3F580E7F3F6D4E7F3FAB847F3F75
:1073A0000FB17F3F97D37F3F43EC7F3F11FB7F3F80
:1073B0000000803F11FB7F3F43EC7F3F97D37F3F2F
:1073C0000FB17F3FAB847F3F6D4E7F3F580E7F3FB5
:1073D0006DC47E3FB0707E3F23137E3FCCAB7D3FBC
:1073E000AC3A7D3FC9BF7C3F283B7C3FCDAC7B3F67
:1073F000BE147B3F02737A3F9DC7793F9812793F55
:10740000F853783FC58B773F07BA763FC6DE753FA6
:107410000BFA743FDD0B743F4714733F5213723FF6
:107420000809713F73F56F3F9ED86E3F93B26D3F71
:107430005E836C3F0C4B6B3FA7096A3F3CBF683FC4
:10744000D86B673F880F663F59AA643F5A3C633F39
:1074500097C5613F2146603F05BE5E3F532D5D3FAE
:107460001A945B3F6AF2593F5348583FE595563F9F
:1074700031DB543F4918533F3D4D513F207A4F3F38
:10748000029F4D3FF8BB4B3F12D1493F65DE473F5E
:1074900003E4453F01E2433F70D8413F67C73F3FA8
:1074A000F9AE3D3F3B8F3B3F4268393F233A373F80
:1074B000F304353FC9C8323FBB85303FDE3B2E3F2A
:1074C0004AEB2B3F1594293F5636273F25D2243FC0
:1074D0009967223FCBF61F3FD17F1D3FC6021B3F5E
:1074E000C07F183FD9F6153F2A68133FCDD3103F10
:1074F000DA390E3F6B9A0B3F9BF5083F824B063FF4
:107500003D9C033FE4E7003F275DFC3ECBE0F63EB9
:10751000EA5AF13EBBCBEB3E7533E63E4F92E03E7E
:1075200080E8DA3E4136D53ECA7BCF3E53B9C93EEC
:1075300015EFC33E491DBE3E2A44B83EEF63B23E3E
:10754000D47CAC3E128FA63EE59AA03E86A09A3E21
:1075500032A0943E229A8E3E938E883EC07D823E1B
:10756000CCCF783E7F9A6C3E135C603E0115543E52
:10757000C2C5473ECF6E3B3EA2102F3EB5AB223E6A
:107580008340163E87CF093E73B2FA3D2FBCE13DE2
:1075900036BDC83D80B6AF3D04A9963D752B7B3DF9
:1075A0002EFB483D2BC3163DB10AC93C920E493C07
:1075B00000000000920E49BCB10AC9BC2BC316BD25
:1075C0002EFB48BD752B7BBD04A996BD80B6AFBD13
:1075D00036BDC8BD2FBCE1BD73B2FABD87CF09BEB1
:1075E000834016BEB5AB22BEA2102FBECF6E3BBEEF
:1075F000C2C547BE011554BE135C60BE7F9A6CBE07
:10760000CCCF78BEC07D82BE938E88BE229A8EBEBD
:1076100032A094BE86A09ABEE59AA0BE128FA6BEE6
:10762000D47CACBEEF63B2BE2A44B8BE491DBEBE18
:1076300015EFC3BE53B9C9BECA7BCFBE4136D5BE56
:1076400080E8DABE4F92E0BE7533E6BEBBCBEBBE40
:10765000EA5AF1BECBE0F6BE275DFCBEE4E700BF10
:107660003D9C03BF824B06BF9BF508BF6B9A0BBFC7
:10767000DA390EBFCDD310BF2A6813BFD9F615BFB4
:10768000C07F18BFC6021BBFD17F1DBFCBF61FBF77
:10769000996722BF25D224BF563627BF159429BF2C
:1076A0004AEB2BBFDE3B2EBFBB8530BFC9C832BF04
:1076B000F30435BF233A37BF426839BF3B8F3BBF26
:1076C000F9AE3DBF67C73FBF70D841BF01E243BFBE
:1076D00003E445BF65DE47BF12D149BFF8BB4BBFCE
:1076E000029F4DBF207A4FBF3D4D51BF491853BF38
:1076F00031DB54BFE59556BF534858BF6AF259BFB6
:107700001A945BBF532D5DBF05BE5EBF214660BFAF
:1077100097C561BF5A3C63BF59AA64BF880F66BF53
:10772000D86B67BF3CBF68BFA7096ABF0C4B6BBF74
:107730005E836CBF93B26DBF9ED86EBF73F56FBF93
:10774000080971BF521372BF471473BFDD0B74BFBA
:107750000BFA74BFC6DE75BF07BA76BFC58B77BF9D
:10776000F85378BF981279BF9DC779BF02737ABF6B
:10777000BE147BBFCDAC7BBF283B7CBFC9BF7CBFE9
:10778000AC3A7DBFCCAB7DBF23137EBFB0707EBF54
:107790006DC47EBF580E7FBF6D4E7FBFAB847FBF71
:1077A0000FB17FBF97D37FBF43EC7FBF11FB7FBF7C
:1077B000000080BF11FB7FBF43EC7FBF97D37FBF2B
:1077C0000FB17FBFAB847FBF6D4E7FBF580E7FBFB1
:1077D0006DC47EBFB0707EBF23137EBFCCAB7DBFB8
:1077E000AC3A7DBFC9BF7CBF283B7CBFCDAC7BBF63
:1077F000BE147BBF02737ABF9DC779BF981279BF51
:10780000F85378BFC58B77BF07BA76BFC6DE75BFA2
:107810000BFA74BFDD0B74BF471473BF521372BFF2
:10782000080971BF73F56FBF9ED86EBF93B26DBF6D
:107830005E836CBF0C4B6BBFA7096ABF3CBF68BFC0
:10784000D86B67BF880F66BF59AA64BF5A3C63BF35
:1078500097C561BF214660BF05BE5EBF532D5DBFAA
:107860001A945BBF6AF259BF534858BFE59556BF9B
:1078700031DB54BF491853BF3D4D51BF207A4FBF34
:10788000029F4DBFF8BB4BBF12D149BF65DE47BF5A
:1078900003E445BF01E243BF70D841BF67C73FBFA4
:1078A000F9AE3DBF3B8F3BBF426839BF233A37BF7C
:1078B000F30435BFC9C832BFBB8530BFDE3B2EBF26
:1078C0004AEB2BBF159429BF563627BF25D224BFBC
:1078D000996722BFCBF61FBFD17F1DBFC6021BBF5A
:1078E000C07F18BFD9F615BF2A6813BFCDD310BF0C
:1078F000DA390EBF6B9A0BBF9BF508BF824B06BFF0
:107900003D9C03BFE4E700BF275DFCBECBE0F6BEB5
:10791000EA5AF1BEBBCBEBBE7533E6BE4F92E0BE7A
:1079200080E8DABE4136D5BECA7BCFBE53B9C9BEE8
:1079300015EFC3BE491DBEBE2A44B8BEEF63B2BE3A
:10794000D47CACBE128FA6BEE59AA0BE86A09ABE1D
:1079500032A094BE229A8EBE938E88BEC07D82BE17
:10796000CCCF78BE7F9A6CBE135C60BE011554BE4E
:10797000C2C547BECF6E3BBEA2102FBEB5AB22BE66
:10798000834016BE87CF09BE73B2FABD2FBCE1BDDE
:1079900036BDC8BD80B6AFBD04A996BD752B7BBDF5
:1079A0002EFB48BD2BC316BDB10AC9BC920E49BC03
:1079B0000000008052533438355461736B004C45DD
:1079C000445461736B00494D555461736B005263AD
:1079D0005461736B004A756467655461736B00563C
:1079E0006973696F6E5461736B0053757065724390
:1079F00061705461736B00426565705461736B0014
:107A000053686F6F7465725461736B004572726F67
:107A1000725461736B004D6F746F725461736B00BD
:107A20004465746563745461736B00646566617565
:107A30006C745461736B0047696D62616C004368DC
:107A40006173736973007D04017C000240AB0341E4
:107A500000055308065804070F000810820911009A
:107A60000A15800B16000C18010D0000A07A010801
:107A7000000000245002000008030008887B010871
:107A80005002002408E50100640300080000000023
:107A900000000000000000000000000000000000E6
:107AA00001A0320142103C90D00304112370422304
:107AB000803F2320411810A0C0E7416B3A58A08BAB
:107AC0003A610E010899041AA9041AD9041E090F73
:107AD000010839081A71045108081250C347CDCC67
:107AE000CC3D0409531C110B1AC8421C19C01808BC
:107AF00042490901089107B44A0AA41AF10C1ED997
:107B00000601085108C11E9908010841041AF10430
:107B10001A31041409024313020125C03209041B5F
:107B200001020B130524161001052401100901049C
:107B3000240202052406170107058203081510090F
:107B4000040133020A2E0705010240072A810711AA
:107B5000130A0632023340011A12231302021E4096
:107B600083044057591B02031513F90F1B08F10436
:107B70001AE9041329101B085104071A0403090405
:087B80001A031AAA010000001B
:04000005080002CD20
:00000001FF
